名字,正文,时间
中国新闻网,"
#关注新冠肺炎#【法国“武汉人”贵永华：#法国驻汉领馆绝不关闭#】“法国是第一个(1949年以来)在武汉开设总领馆的国家，我们和武汉、和武汉人民有着非常密切的关系。疫情当前，却没有关闭领事馆的一个原因，是我们想和武汉的朋友们同心渡难关，我们是‘一家人’。”新冠肺炎疫情发现至今，法国驻武汉总领事馆是该市唯一仍开放的领馆。2月3日，总领事贵永华(OlivierGuyonvarch)在其微信朋友圈留言道：“我是武汉人，武汉我在你身边。”@中新视频L中新视频的秒拍视频收起全文d
","

2020年02月13日21:52

??来自微博weibo.com"
中国新闻网,"
#关注新冠肺炎#【#外籍机长放弃休假执飞武汉#携手中国人“同心抗疫”】13日，一架满载福建支援湖北前线医疗队应急物资和生活必需品的包机，自厦门高崎国际机场启程前往武汉。这是全国首次包机运送生活物资支援湖北，由厦航澳大利亚籍机长迈尔斯??韦斯顿执飞。新冠肺炎疫情发生后，民航系统内不少外籍飞行员暂时离开了中国返回家乡，但迈尔斯??韦斯顿得知有运送生活保障物资前往武汉的包机后，主动请缨，放弃原计划二月份的休假，积极参与航班运行。@中新视频L中新视频的秒拍视频收起全文d
","

2020年02月13日22:28

??来自微博weibo.com"
国资小新,"
【重磅好消息！！！#治疗性新冠特免血浆制品投入临床#】日前，在新冠肺炎治疗方面传来重磅消息。#抗击疫情央企行动#国药@中国生物CNBG已完成对部分康复者血浆的采集工作，开展新冠病毒特免血浆制品和特免球蛋白的制备。经过严格的血液生物安全性检测，病毒灭活，抗病毒活性检测等，已成功制备出用于临床治疗的特免血浆！在各方紧密合作下，2月8日，以新型冠状病毒感染的肺炎诊疗方案（试行第五版）为指南，首期在江夏区第一人民医院开展了3名危重患者的新冠特免血浆治疗，目前连同后续医院治疗的危重病人超过了10人。临床反映，患者接受治疗12至24小时后，实验室检测主要炎症指标明显下降！淋巴细胞比例上升，血氧饱和度、病毒载量等重点指标全面向好，临床体征和症状明显好转。新冠特免血浆制品是由康复者捐献的含高效价新冠病毒特异性抗体的血浆，经过病毒灭活处理，并对抗新冠病毒中和抗体、多重病原微生物检测后制备而成，用于新冠肺炎危重患者的治疗。从临床病理发生过程看，大部分新冠肺炎患者经过治疗康复后，身体内会产生针对新冠病毒的特异性抗体，可杀灭和清除病毒。目前在缺乏疫苗和特效治疗药物的前提下，采用这种特免血浆制品治疗新冠病毒感染是最为有效的方法，可大幅降低危重患者病死率。所以，我们恳请康复的病人积极献血以后康复的病人越多，血浆就越多，血浆越多，康复的病人就越多。良性循环已经来了！献血方式请点击下图收起全文d
","

2020年02月13日22:23

??来自微博weibo.com"
中国新闻网,"
#关注新冠肺炎#【“我问你你是中国人吗？”#民警怒斥口罩诈骗嫌疑人#】近日，上海警方抓获一名诈骗嫌疑人。该男子自称有私人飞机可从国外运回口罩，有爱心人士欲购买大量口罩捐给疫情严重地区，预付了16万元订金却被其用于奢侈消费。面对其百般抵赖不愿配合的态度，民警开启了“硬核”审讯模式！@中新视频L中新视频的秒拍视频收起全文d
","

2020年02月13日22:58

??来自微博weibo.com"
央视新闻,"
【#新冠肺炎比SARS病情进展更快#】中央指导组医疗救治组专家童朝晖：新冠肺炎患者，是严重的呼吸衰竭，比非典的呼吸衰竭进展更快，病情进展更快，缺氧有时候发展得很明显。和2003年非典相比，这次的患者心脏受到攻击也非常厉害。所以这一类病人救治起来的难度比以前要大，也比我们平时救治的难度大。L央视新闻的微博视频收起全文d
","

2020年02月13日21:48

??来自微博云剪"
新京报我们视频,"
【山东一女子街头倒地#过路医生摘口罩人工呼吸救人#】2月12日，山东济南一名中年妇女突发心脏病倒在路边，面色发青情况危急。路过的民警和医护人员紧急加入抢救中，一名医生摘下口罩对她实施人工呼吸。经过几分钟抢救，倒地女子恢复了微弱脉搏。目前，倒地女子已转危为安。#聚焦新冠肺炎疫情#@我们视频暖心闻L新京报我们视频的秒拍视频收起全文d
","

2020年02月13日22:10

??来自微博weibo.com"
环球时报,"
【5岁男童妈妈确诊，8位“临时妈妈”悉心照料】5岁的熙熙住在昆山市中医医院病房，2月3日，从湖北襄阳来到昆山后，他的家人先后被确诊为新冠肺炎。接受隔离治疗，熙熙就没人照顾了。就在一家人一筹莫展时，8名护士自发组成“妈妈团”，轮流陪伴、照顾他的生活起居。2月12日，熙熙的妈妈治愈出院，一家人很快就能团圆了。虽然这份陪伴是“临时”的，但背后的爱却是最真挚的！感谢“临时妈妈”的温情守护！L蟹视频的秒拍视频@蟹视频收起全文d
","

2020年02月13日21:50

??来自微博weibo.com"
新华视点,"
#新型冠状病毒感染肺炎#【泪目后的欣喜！1岁重型新冠肺炎宝宝康复出院！】1月26日，家住武汉市黄陂区的1岁男童牛牛（化名），被送入武汉儿童医院急诊科救治，紧急收入该院重症医学科隔离病房救治。2月6日，经过医护人员精心诊疗，牛牛成功脱离呼吸机并拔除气管插管。生命体征逐渐稳定，肺部感染已基本吸收。在两次核酸检测确认为阴性后，医务人员判定他已达到出院标准。2月13日，家人将牛牛接回家继续隔离观察。希望这样的好消息越来越多！（记者才扬张书旗）收起全文d
","

2020年02月13日22:04

??来自微博weibo.com"
新浪湖北,"
#万众一心抗击新冠肺炎#【@朱一龙演唱《向上的光》，为武汉加油，为中国加油！】向着眼前这束光，等待希望；致敬所有“逆行者”！众志成城，抗击疫情！L中国电影报道的微博视频??","

2020年02月13日21:50

??来自正能量·视频社区"
中国新闻网,"
#关注新冠肺炎#【医用棉签当蜡烛抗疫前线医生生日现场感动所有人】#医用棉签当蜡烛庆生#没有生日蛋糕？那就用7个小面包组合而成。没有许愿蜡烛？幸好还有棉签可以代替。2月13日，重庆首批支援湖北医疗队队员、重庆大学附属肿瘤医院重症医学科江璐璐33岁的生日，在孝感中心医院的宿舍楼度过。现场，陪着他过生的是一群无畏前行的“逆行人”，这也是他在这里战斗的第17天。“虽然身处抗疫一线，但大家都觉得还是要给他过生日。无论在哪里，还是要有仪式感。”祝福！@中新视频L中新视频的秒拍视频收起全文d
","

2020年02月13日20:57

??来自微博weibo.com"
中国新闻网,"
#关注新冠肺炎#【口罩进价六毛卖1元属哄抬物价？律师：不能只看进销差金额“一刀切”】#6毛进价口罩卖1元被罚将重启调查#近日，湖北洪湖一药店因将进价6毛的口罩1块钱售卖被罚没5.68万元引发争议。目前湖北省洪湖市已对该处罚启动重新调查，同时纪检部门也介入调查是否存在执法人员违纪等情况。进销价差4毛算哄抬价格吗？哄抬物价的标准又是什么？律师指出，湖北省市场监管局的行为虽然符合法律规定，但在执法时应结合产品具体情况，不能只看进销差金额“一刀切”。#对此你想说#@中新视频L中新视频的秒拍视频收起全文d
","

2020年02月13日22:37

??来自微博weibo.com"
中国新闻网,"
#关注新冠肺炎#【#全国首例危重型新冠肺炎儿童患者康复出院#】因患新冠肺炎导致呼吸衰竭的1岁男童牛牛，经武汉儿童医院重症医学科全力救治于2月13日康复出院。院方称，这是全国首例确诊的危重型新冠肺炎儿童患者，他将在家中继续接受隔离观察。@中新视频L中新视频的秒拍视频??","

2020年02月13日22:23

??来自微博weibo.com"
人民日报,"
【#童朝晖新冠肺炎比SARS病情进展快#】北京朝阳医院副院长童朝晖表示：新冠肺炎患者出现的是严重的呼吸衰竭，与03年的SARS相比，病情进展得更快，缺氧发展得很明显；此外，这次患者心脏受到的攻击非常厉害，救治起来的难度比以前要大。因此，我们提出要密切观察这类患者的生命体征，比如心率、血压、血氧的变化。L人民日报的微博视频收起全文d
","

2020年02月13日21:34

??来自微博云剪"
人民日报,"
【中央：#促进中医药深度介入诊疗#】2月13日召开的中央应对新冠肺炎疫情工作领导小组会议要求：强化中西医结合，促进中医药深度介入诊疗全过程，#及时推广有效方药和中成药#。加快药物临床试验，有效的要抓紧向救治一线投放，提高治愈率、降低病亡率。????????（新华社）??","

2020年02月13日22:36

??来自微博weibo.com"
头条新闻,"
【为“蹭吃蹭住”竟谎称从武汉返回，男子隔离14天后被拘】#谎称武汉返回隔离14天后被拘#就在全国各地加强新冠肺炎疫情防控的时候，男子高某竟然为了找一个免费吃住的地方谎称从武汉回来。高某如愿以偿被隔离14天，但期间青岛黄岛警方及政府相关部门一直没有查到高某到过武汉的轨迹。2月10日，高某在隔离结束后承认其谎称从武汉返回人员的违法事实，因涉嫌虚构事实扰乱公共秩序被依法行政拘留。L半岛V视的微博视频收起全文d
","

2020年02月13日22:26

"
新京报我们视频,"
【#武汉患新冠肺炎医护人员出院#北京医生手写赠言“风雨同舟迎彩虹”】2月13日，北京支援武汉医疗队收治的4名新冠肺炎患者出院，其中一名是武汉的医护人员。北京朝阳医院急诊危重症主任医师唐子人说，看到战友出院内心特别高兴，自发筹钱准备了礼物，并写祝福“无畏生死赴疆场，风雨同舟迎彩虹”。#聚焦新冠肺炎疫情#L新京报我们视频的秒拍视频收起全文d
","

2020年02月13日22:18

??来自微博weibo.com"
武汉晨报,"
#万众一心抗击新冠肺炎#【@朱一龙演唱《向上的光》，为武汉加油，为中国加油！】向着眼前这束光，等待希望；致敬所有“逆行者”！众志成城，抗击疫情！L中国电影报道的微博视频??","

2020年02月13日22:03

??来自正能量·视频社区"
凤凰网,"
【武汉大学中南医院彭志勇团队：#维C或可用于治疗新冠肺炎#】2月13日，健康时报记者从武汉大学中南医院重症医学科主任彭志勇教授处获悉，其所在团队正在进行大剂量维生素C（VC）治疗新冠肺炎临床试验，近日已在美国临床试验Clnicaltrials.gov网站上登记，或为对抗新冠肺炎带来新思路！彭志勇教授表示，当病毒导致氧化应激增加，患者出现急性呼吸窘迫症等多器官功能衰竭后，VC等抗氧化剂可以发挥积极的作用。“VC用于治疗新冠肺炎有两个好处，一是可以抗氧化损伤，第二可以提高免疫力。”例如很多肿瘤患者放疗后会出现肺损害，用了维C治疗后情况会有明显好转，肺部氧化会得到改善。彭志勇教授指出，维C的剂量与治疗效果有很大关系。大剂量VC不仅可提高抗病毒水平，更重要的是能够预防和治疗急性肺损伤（ALI）和急性呼吸窘迫症（ARDS）。国外此前的相关研究也表明，大剂量维C治疗急性呼吸窘迫损害综合征等肺损害的病人有良好效果。O武汉大学中南医院彭志勇团队：维C或可用于治疗新冠肺炎收起全文d
","

2020年02月13日21:24

??来自专业版微博"
中国新闻网,"
#关注新冠肺炎#【#金银潭医院院长呼吁康复患者捐献血浆#】13日，在湖北省新型冠状病毒肺炎疫情防控工作指挥部召开的新闻发布会上，武汉金银潭医院院长张定宇表示：医院正在开展康复病人恢复期血浆的输入，目前已显示出初步效果。康复患者体内有大量的综合抗体对抗病毒，在此恳请康复后的患者积极来到医院，伸出胳膊，捐献血浆，共同拯救还在与病魔作斗争的病人。（左宇坤）L中新视频的秒拍视频收起全文d
","

2020年02月13日21:21

??来自搜狗高速浏览器"
人民日报,"
【中央：#孝感黄冈等地要采取武汉同等措施#】13日，中央应对新冠肺炎疫情工作领导小组指出，要继续把湖北省特别是武汉市作为疫情防控的重中之重。武汉市要对“四类人员”加速分类集中收治或隔离；孝感、黄冈等地要采取和武汉同等的隔离救治措施。湖北和武汉要进一步强化离汉离鄂通道管控，切实做到内防扩散、外防输出。会议指出，通过错峰等措施#今年不会出现往年的返程高峰#。各地要继续抓好群防群控。各省负责对本省各市县根据疫情合理分类，制定差异化精准防控策略，视疫情有序恢复生产生活秩序。有效药物和救治是战胜疫情的关键环节。要总结近6000例治愈病例，完善诊疗方案。更有针对性防止轻症转为重症和开展重症患者救治，抓紧投放临床有效药物，提高治愈率、降低病亡率。收起全文d
","

2020年02月13日19:19

??来自微博weibo.com"
头条新闻,"
【#童朝晖新冠肺炎比SARS病情进展快#】北京朝阳医院副院长童朝晖表示：新冠肺炎患者出现的是严重的呼吸衰竭，与03年的SARS相比，病情进展得更快，缺氧发展得很明显；此外，这次患者心脏受到的攻击非常厉害，救治起来的难度比以前要大。因此，我们提出要密切观察这类患者的生命体征，比如心率、血压、血氧的变化。L人民日报的微博视频收起全文d
","

2020年02月13日22:56

"
头条新闻,"
【#HIV感染者为新冠患者捐药#：他们迫切需要药物??我们的隐私微不足道】1月23日，被感染新冠肺炎的国家卫建委专家组成员王广发在采访中表示，一种治疗艾滋病的抗病毒药“洛匹那韦利托那韦片”对自己有效。网友@HIV松鼠哥联合其他HIV感染者一方面收集国内闲置的“洛匹那韦利托那韦片”，一方面集资从印度购买该药的仿制版。他称“跟钱相比的话，生命是很宝贵的！”@微访谈@新浪会客厅LHIV感染者捐药：新冠患者迫切需要药物我们的隐私微不足道收起全文d
","

2020年02月13日20:46

"
新京报我们视频,"
#聚焦新冠肺炎疫情#??【正在直播：#湖北新冠肺炎疫情防控发布会#】2月13日，湖北省召开新型冠状病毒感染的肺炎疫情防控工作例行新闻发布会，通报全省疫情和防控工作最新进展情况。#我们视频正在直播#@我们直播L新京报我们视频的微博视频.??","

2020年02月13日21:00

??来自微博原生直播"
人民日报,"
【#广东要求中小学网课不超20分钟#】13日，广东省教育厅防控新冠肺炎疫情工作领导小组印发《延迟开学期间中小学线上教学工作指引》，提出要合理安排学生学习时间，对小学低年级线上学习不作统一硬性要求，由家长和学生自愿选择；要统筹安排好其他学段各门学科的线上课程内容，线上课程时间一般不能超过20分钟，各学科每天的学习容量要合适，避免各自为政增加学生负担。O详细指引出台！延迟开学期间广东中小学线上教学工作这样做收起全文d
","

2020年02月13日19:28

??来自微博weibo.com"
中国新闻周刊,"
【武汉广发肿瘤医院被临时征用，家属口述#癌症晚期患者被强制出院#】#周刊君与你共同战疫#刘军（化名）的家人是胃癌晚期患者，原本在武汉广发肿瘤专科医院接受临终照料。2月5日晚7：50，他们突然收到通知，医院临时被征用，全部病区都被用来收治发热的疑似新冠肺炎病人。刘军的家人和其他至少15名癌症晚期病人，被全部要求强制出院。10分钟后，病人被停掉打了一半的营养液，从医院被抬了出去。三天后，河南省周口市医疗队接管了这个二级专科医院。事实上，这家医院并不在武汉市公布的五批新冠肺炎定点医院中，在官方的新闻报道里也写明是“临时征用”。但对这些癌症晚期病人而言，“临时征用”的后果是，被强制出院，没有药物，无法输液，只能回家。上海市公共卫生临床咨询专家缪晓辉告诉@中国新闻周刊，现在一些医院人手不够，医生害怕，病人也不敢去医院。但是像糖尿病、高血压、冠心病等慢性病和恶性肿瘤患者，接受复查和有效的治疗是很迫切的问题，政府要考虑如何让这些病人看得上病。随着疫情的发展，他担心慢性病患者将迎来更大的困难。O武汉广发肿瘤医院被临时征用，家属口述癌症患者被强制出院后的遭遇收起全文d
","

2020年02月13日22:42

??来自微博weibo.com"
人民网,"
【童朝晖：#新冠肺炎患者比与SARS患者病情进展快#】北京朝阳医院副院长童朝晖表示：新冠肺炎患者出现的是严重的呼吸衰竭，与03年的SARS相比，病情进展得更快，缺氧发展得很明显；此外，这次患者心脏受到的攻击非常厉害，救治起来的难度比以前要大。因此，我们提出要密切观察这类患者的生命体征，比如心率、血压、血氧的变化。L人民网的微博视频收起全文d
","

2020年02月13日21:47

??来自微博云剪"
人民网,"
【中央：#促进中医药深度介入诊疗过程#】#新冠肺炎最新动态#2月13日召开的中央应对新冠肺炎疫情工作领导小组会议要求：强化中西医结合，促进中医药深度介入诊疗全过程，及时推广有效方药和中成药。加快药物临床试验，有效的要抓紧向救治一线投放，提高治愈率、降低病亡率。（新华社）????????","

2020年02月13日22:44

??来自微博weibo.com"
人民日报,"
【人民直播：#湖北疫情防控工作发布会#】今晚，湖北省新型冠状病毒肺炎疫情防控工作指挥部召开第23场新闻发布会，邀请北京朝阳医院副院长童朝晖、广州医科大学附属第一医院副院长张挪富、武汉金银潭医院院长张定宇介绍新冠肺炎重症救治进展情况，@人民日报正在直播↓共同关注！L人民日报的微博视频.收起全文d
","

2020年02月13日21:02

??来自微博原生直播"
广西日报,"
#广西抗击新型肺炎#【广西再次调整延迟开学时间：3月1日前不得开学】广西壮族自治区新型冠状病毒感染的肺炎疫情防控工作领导小组指挥部关于学校复学工作的通知：各市、县新冠肺炎疫情防控工作领导小组指挥部，自治区党委各部委，自治区级国家机关各部门，各人民团体，各高等学校：为进一步做好全区各级各类学校（含中小学、幼儿园、高等学校、中职学校、技工学校）及教育培训机构新冠肺炎疫情防控工作，自治区新型冠状病毒感染的肺炎疫情防控工作领导小组指挥部现就全区各级各类学校复学工作通知如下：一、强化疫情防控责任。全区各级各类学校及教育培训机构必须按照“织牢防控网、阻断传播链”的要求，严格落实疫情防控主体责任，实行一把手负责制，建立健全防控机制，制定防控工作方案，安排专人专班负责，落实落细各项工作责任，坚决堵住疫情输入输出，坚决防止疫情在本单位扩散，做到守土有责、守土担责、守土尽责，确保师生生命安全和身体健康。二、再次调整延迟开学时间。根据疫情防控形势，再次延迟开学时间，全区各级各类学校在2020年3月1日前不得开学，具体开学时间按照教育部关于“疫情未得到有效控制之前绝对不能开学”的要求，视疫情防控情况另行确定。高等学校、区直中职学校要提前谋划错时开学、错峰返校工作，形成工作方案，于开学前15天报送自治区教育厅。各类教育培训机构一律暂缓开展线下服务。三、严格校园防疫管控。全区各级各类学校要切实强化阵地意识，严防死守，坚决做到“五个一律”，即未经学校批准学生一律不准返校，校外无关人员一律不准进入校门，师生员工进入校门一律核验身份和检测体温，对发热、咳嗽者一律要求其到就近医疗机构发热门诊就诊，不服从管理者一律严肃处理。中小学、幼儿园、中职学校、技工学校实行校园封闭管理，高等学校实行划区划片管理，学校所有场所设施暂不向社会开放。中小学、幼儿园、中职学校、技工学校要设置相对独立的健康观察场所，高等学校设置独立隔离区，发现异常状况的人员先行隔离观察，第一时间报告当地疾控机构，及时安排到就近的定点医疗机构就诊。图书馆、体育馆、学生活动中心等室内场馆暂不开放，学生食堂推行分餐制，减少人员聚集。学生公寓实行封闭管理，进出必须实名验证并检测体温。四、做好校园消杀防疫工作。全区各级各类学校及教育培训机构要按照《公共场所新型冠状病毒感染的肺炎卫生防护指南》、《关于新冠肺炎流行期间召开会议防控指南》等11个指南以及自治区关于疫情防控的有关要求，制定相关防护制度，做好防护措施。做好体温测量仪、消毒剂、口罩等疫情防控物资储备，并对学生宿舍、食堂、教室、卫生间等重点区域和场所进行消杀防疫，明确责任人并实时做好记录。五、建立师生员工健康管理机制。全区各级各类学校要建立全覆盖、无遗漏的健康管理机制，建立师生员工健康档案，安排专人对师生员工的健康状况、假期出行和参加聚会情况逐一进行统计核查，随时掌握师生员工身体状况，严格落实开学前居家观察14天的要求，确保一个不漏、一个不少。对仍在重点疫情防控地区的师生员工应通知其暂不返校。对假期留校或已提前返校的师生员工，按照“一人一案”要求，做好疫情防控管理和监测工作。开学后，严格落实学生晨午检制度，做好体温、体征监测，及时了解学生健康状况。做好师生员工因病缺课缺勤登记等日常防控工作，因病缺课缺勤人员应根据医院返校证明和确认隔离期限后，方可返校。六、利用线上教学确保停课不停教不停学。延迟开学期间，全区各级各类学校要指导学生学习使用由教育部门组织开发或推荐的公共教育资源，全力保障教师网上教、学生网上学，确保“停课不停教、停课不停学”。在原计划正式开学日之前，学校不得提前开始新学期课程网上教学。网上教学过程中要注意青少年身心健康，把握好适量的教学内容和适当的教学时长。七、落实情况报告和责任追究制度。全区各级各类学校及教育培训机构要按照属地管理原则，自觉服从当地人民政府及相关部门发布的疫情防控决定、命令，自觉接受疾控机构、医疗机构等部门采取的防控措施，认真执行“日报告”、“零报告”制度，做到及时、真实、准确报告有关情况，严禁迟报、少报、漏报、瞒报和谎报。全区各级教育行政主管部门要加强督导检查，对没有严格落实延期开学、落实疫情防控措施等要求的，责令马上整改纠正。对不担当、不作为的，除追究直接责任人责任外，情节严重的要对单位主要负责人进行问责。八、加强宣传教育引导。开展新冠肺炎疫情预防教育，张贴戴口罩、测体温、勤洗手等宣传标识，提醒防疫注意事项，增强师生员工的防病意识和自我保护能力。建立完善学校与家庭沟通渠道，及时通报学校防控情况和传达有关要求，确保家长学生情绪稳定。及时准确、公开透明发布相关信息，加强政策措施的宣传解读，回应师生关切，教育引导师生员工不造谣、不信谣、不传谣。2020年2月13日收起全文d
","

2020年02月13日21:53

??来自360安全浏览器"
中国新闻网,"
#关注新冠肺炎#【发改委：#已能保障一线医护人员医用口罩防护需要#】13日，国家发改委产业发展司一级巡视员夏农在发布会上表示，口罩产量逐日提升。截至2月11日，全国口罩产能利用率已经达到94%，特别是一线防控急需的医用N95口罩，产能利用率达到128%。湖北的日产量从2月2日的4.5万只大幅度增长到2月11日的15.8万只。通过全国统一调度，已经能够保障一线医护人员的医用口罩防护需要。（左宇坤）收起全文d
","

2020年02月13日15:35

??来自微博weibo.com"
环球网,"
【中央：#促进中医药深度介入诊疗#】2月13日召开的中央应对新冠肺炎疫情工作领导小组会议要求：强化中西医结合，促进中医药深度介入诊疗全过程，#及时推广有效方药和中成药#。加快药物临床试验，有效的要抓紧向救治一线投放，提高治愈率、降低病亡率。????????（新华社）??????","

2020年02月13日22:51

"
新华视点,"
#新型冠状病毒感染肺炎#2月13日召开的中央应对新冠肺炎疫情工作领导小组会议要求：强化中西医结合，促进中医药深度介入诊疗全过程，及时推广有效方药和中成药。加快药物临床试验，有效的要抓紧向救治一线投放，提高治愈率、降低病亡率。??","

2020年02月13日22:31

??来自微博weibo.com"
新京报,"
【北京朝阳医院副院长童朝晖：#新冠肺炎患者与SARS相比病情进展更快#】#新型冠状病毒#北京朝阳医院副院长童朝晖表示：新冠肺炎患者出现的是严重的呼吸衰竭，与03年的SARS相比，病情进展得更快，缺氧发展得很明显；此外，这次患者心脏受到的攻击非常厉害，救治起来的难度比以前要大。因此，我们提出要密切观察这类患者的生命体征，比如心率、血压、血氧的变化。L人民日报的微博视频收起全文d
","

2020年02月13日21:38

??来自微博weibo.com"
芒果捞小白,"
#比伯为中国捐款#Justinbieber发布视频，希望大家在新冠肺炎疫情中挺住加油。比伯还向中国的慈善机构捐款20万元，帮助武汉人民。比伯真的好善良啊??","

2020年02月13日21:07

"
中国新闻网,"
#关注新冠肺炎#【#黄冈全面升级管控措施#：#黄冈所有小区全封闭管理#】据湖北省黄冈市公安局官方微信消息，黄州区新冠肺炎防控工作指挥部13日发布的紧急通告称，在黄州区范围内实行管制升级，小区(居民点)一律实施全封闭管理，所有车辆一律从严管控。通告自2月13日24:00执行，原则上以14天为一周期。通告要求，小区(居民点)一律实施全封闭管理，有疫情小区(居民点)实行封控管理。除医护人员、抗疫工作人员和水电油气、通讯网络、粮食蔬菜、医药物资等基本民生保障从业人员之外，其他居民一律不得擅自出小区。所有车辆一律从严管控。除医护人员和救护用车、抗疫工作车辆、运输医疗救护物资和居民生活必需品的货车，消防、抢险、警车等特种车辆之外，其它车辆一律禁止通行。@中新视频L中新视频的秒拍视频收起全文d
","

2020年02月13日20:42

??来自微博weibo.com"
新京报我们视频,"
【#逃亡5年窃贼因疫情主动自首#】2月11日，山东德州警方通报一起案件。疫情暴发后，因设卡检查太严，一名逃亡5年的窃贼选择自首。据齐河县公安局宣传科科长李诚介绍，嫌疑人杨某来藏匿的地点经常有人去检查，杨某来成天心惊胆战，没办法只好自首。#聚焦新冠肺炎疫情#L新京报我们视频的秒拍视频??","

2020年02月13日22:17

??来自微博weibo.com"
新京报我们视频,"
【#日本出现首例新冠肺炎死亡病例#：80多岁女性死亡后被确诊感染】2月13日，日本厚生劳动大臣加藤胜信宣布，国内出现首例新冠肺炎死亡病例。死者为一名住在神奈川的80多岁女性，她上月末出现不适症状。2月12日接受新冠病毒检测，并于次日不幸身亡。她在死亡后被确认感染新冠病毒。#聚焦新冠肺炎疫情#@世面L世面的秒拍视频收起全文d
","

2020年02月13日22:01

??来自微博weibo.com"
广州日报,"
【连续作战近1个月，清远英德市#26岁辅警倒在防疫一线#】1月26日，大年初二，广东清远英德市桥头镇派出所26岁的辅警曾文聪，在赶去疫情防控执勤点交接班时，突然晕倒在地，再也没有起来。原本就是年底治安状况相对严峻的时候，又遇到新冠肺炎防疫工作，需要加大警力维护，特别是春节前后近一个月内，所里的民警跟辅警几乎没有休息，曾文聪与同事取消休假，坚守岗位、连续作战，奔赴疫情防控第一线，维护治安秩序、疏导交通，做好体温检测、筛查……从春运到新冠肺炎的防疫工作，他已连续作战近一个月。26日下午4点，轮到曾文聪到龙怀高速桥头出口疫情检测点交接班，协助相关部门人员检测过往车辆。由于迟迟未出现，电话也未接，同事便到宿舍找曾文聪，却发现他已穿好制服晕倒在地。医生赶到现场后立即对曾文聪进行心肺复苏等抢救措施，但经抢救40分钟后仍无力回天，曾文聪永远地倒在了战疫一线。据广东省公安厅统计，截止目前，全省公安机关因公负伤民警30人，因公牺牲辅警2人，因公负伤辅警42人。他们默默坚守、无私奉献，用生命和热血护佑着一方平安。2英德市（广州日报全媒体记者李栋通讯员夏晓露）收起全文d
","

2020年02月13日22:00

??来自微博weibo.com"
新华视点,"
#新型冠状病毒感染肺炎#2月13日召开的中央应对新冠肺炎疫情工作领导小组会议要求：建立全国诊治协作网络和病例库，组织专家及时分析总结目前近6000例治愈病例，进一步完善诊疗方案。??","

2020年02月13日22:28

??来自微博weibo.com"
中新视频,"
【#外籍机长放弃休假执飞武汉#携手中国人“同心抗疫”】2月13日一架满载福建支援湖北前线医疗队应急物资和生活必需品的包机，自厦门高崎国际机场启程前往武汉。这是全国首次包机运送生活物资支援湖北，由厦航澳大利亚籍机长迈尔斯??韦斯顿执飞。新冠肺炎疫情发生后，民航系统内不少外籍飞行员暂时离开了中国返回家乡，但迈尔斯??韦斯顿得知有运送生活保障物资前往武汉的包机后，主动请缨，放弃原计划二月份的休假，积极参与航班运行。（李思源江观明贺晟张玮玲钱晓芸）L中新视频的秒拍视频收起全文d
","

2020年02月13日22:16

??来自360安全浏览器"
中国新闻网,"
#小新在直播#【湖北新冠肺炎疫情防控发布会：介绍武汉重症救治进展】#关注新冠肺炎#13日，湖北省新型冠状病毒肺炎疫情防控工作指挥部召开新闻发布会，邀请中央指导组医疗救治组专家、北京朝阳医院副院长童朝晖、武汉金银潭医院院长张定宇等介绍武汉市重症救治情况，并答记者提问。L中国新闻网的微博视频.收起全文d
","

2020年02月13日21:02

??来自微博原生直播"
新华视点,"
#新型冠状病毒感染肺炎#2月13日召开的中央应对新冠肺炎疫情工作领导小组会议指出：孝感、黄冈等病例多的地区要立即采取和武汉市同等的排查、隔离、医疗救治等措施；湖北省其他地市要加强防控和提高收治能力等工作。??","

2020年02月13日22:21

??来自微博weibo.com"
新华视点,"
#新型冠状病毒感染肺炎#2月13日召开的中央应对新冠肺炎疫情工作领导小组会议指出：湖北省和武汉市要进一步强化离汉离鄂通道管控，压实内防扩散、外防输出属地责任。??","

2020年02月13日22:26

??来自微博weibo.com"
新京报我们视频,"
【牛肉面复工营业#兰州市民间隔2米排队买面#】2月13日，甘肃兰州一家牛肉面复工开业，引来大量食客。因疫情防控要求，牛肉面只能装盒打包外卖。顾客们在店面前拍起长队，大家戴着口罩自觉间隔2米，在临近取饭口前，有专人负责测量体温。#聚焦新冠肺炎疫情#L新京报我们视频的秒拍视频??","

2020年02月13日15:24

??来自微博weibo.com"
新京报我们视频,"
#聚焦新冠肺炎疫情#??【#北京26岁新冠孕妇痊愈出院#】怀有8个月身孕的秋秋，探亲途中被感染了“新冠”肺炎。无法与家人见面的她，在医护人员几乎不眠不休的诊治和精心照顾下，始终保持着乐观的心态，她坚信一定能和宝宝战胜病痛。经过治疗，她终于痊愈出院，这对她和宝宝来说是难忘的一天，更是值得纪念的一天！#全民抗疫特别节目##北京卫视疫情防控特别行动#@北京卫视L北京卫视的秒拍视频收起全文d
","

2020年02月13日21:11

??来自微博weibo.com"
新浪新闻,"
【北京一病例不在意亲戚确诊最终全家7人""中招""】13日，北京市疾控中心副主任庞星火介绍了一起聚集性疫情案例引热议。有一家人与亲戚聚餐后，得知亲戚确诊新冠肺炎却不当回事，正常上班、逛超市，发病仍在家忍着，直到家中孩子发病，大人孩子才去了医院。一家人行动轨迹曝光↓↓O一病例被确诊后不当回事最终全家7人全""中招""??","

2020年02月13日21:12

??来自专业版微博平台"
央视财经,"
【8方面要求，压实“菜篮子”！国务院通知来了↓】2月12日，国务院应对新冠肺炎疫情联防联控机制印发《关于压实“菜篮子”市长负责制做好农产品稳产保供工作的通知》。《通知》指出，近期，在防控新冠肺炎疫情中，一些地方农产品生产运输销售受阻，部分养殖企业饲料供应短缺，给居民生活必需品供应带来较大影响。为贯彻落实党中央、国务院决策部署，进一步压实“菜篮子”市长负责制，切实抓好农产品稳产保供，坚决打赢疫情防控阻击战，《通知》提出八方面要求。详戳↓L央视财经的酷燃视频收起全文d
","

2020年02月13日22:01

??来自酷燃视频"
浙视频,"
#护士妻子驰援武汉警察丈夫敬礼送别#【为送别驰援湖北的妻子作为警察的他第一次向妻子敬礼】2月13日，德清县派出8名医护人员参加浙江支援湖北抗击新冠肺炎紧急医疗队，警属高平平就是德清医疗小组中的一名逆行者。身为警察的丈夫王利强专门赶来为妻子送行，他郑重地向妻子敬了一个礼，这是他第一次向妻子敬礼，把所有的爱跟想说的话都融进了这个敬礼中。@浙江日报@央视新闻L浙视频的秒拍视频收起全文d
","

2020年02月13日21:48

??来自专业版微博"
新华视点,"
#新型冠状病毒感染肺炎#2月13日召开的中央应对新冠肺炎疫情工作领导小组会议指出：由各省份负责，对本省份各市特别是县根据疫情情况进行合理分类，制定差异化精准防控策略，视疫情形势有序恢复正常生产生活秩序，不搞“一刀切”，及时纠正偏颇和极端做法。??","

2020年02月13日22:27

??来自微博weibo.com"
中国日报,"
#疫情动态播报#【直播：湖北疫情防控工作指挥部介绍武汉新冠肺炎重症救治进展情况】湖北省新冠肺炎疫情防控工作指挥部召开第23场新闻发布会，邀请相关医院负责人介绍武汉市重症病例救治进展情况，并回答记者提问。#CD在现场#L中国日报的微博视频.??","

2020年02月13日21:02

??来自微博原生直播"
新浪湖北,"
#万众一心抗击新冠肺炎#【女司机一个人开了一天一夜车，运31吨酒精到武汉】近日，40多岁的张女士独自驾驶大货车一天一夜，从四川成都运送31吨酒精到达武汉国际博览中心。刚下车的张女士戴着口罩，穿着一件黑色的短袖。面对现场工作人员的感谢，张女士摆手婉拒。张女士的坚强与善良，你看见了吗？（视频来源：楚天都市报）#湖北加油#L中国妇女报的微博视频收起全文d
","

2020年02月13日22:35

??来自微博weibo.com"
每日经济新闻,"
【#战疫实录#｜救护车上的“战疫”——记者跟拍武汉急救站出车全程】自新冠肺炎疫情爆发以来，武汉市急救中心全部57个急救站的人员车辆，长期处于满负荷甚至超负荷运行状态。2月12日《每日经济新闻》记者来到武汉市急救中心岱山急救站参与了一次急救任务。当天下午两点，一名85岁发热患者突发呼吸困难需要急救。岱山急救站随即派出一个急救单元赶往求助点。LNBD视频的微博视频收起全文d
","

2020年02月13日22:47

??来自搜狗高速浏览器"
澎湃新闻,"
【日媒：#日本现首例医护人员感染新冠肺炎#】据日本共同社13日报道，日本歌山县一名男医生感染新冠病毒，日本政府相关人士表示，已确认该病例是日本国内首个医护人员感染病例。O日媒：日本出现首例医护人员感染新冠病毒确诊病例??","

2020年02月13日21:53

??来自微博weibo.com"
新京报,"
【#合租房如何防护新冠肺炎#？房间勤通风去公共卫生间尽量别带手机】与室友沟通带上口罩。尽量减少接触。房间建议一天通风两次，每次30分钟。使用公共洗衣机结束后，记得洗手。如果合租房人比较多，可以考虑公共卫生间在使用前后都消毒。马桶盖上盖子再冲水，卫生纸可直接用水冲走，不扔在垃圾桶里。使用公共卫生间时尽量不要带手机。#新型冠状病毒#L新京报动新闻的秒拍视频收起全文d
","

2020年02月13日14:26

??来自微博weibo.com"
环球时报,"
【童朝晖：#患者与SARS相比病情进展更快#】北京朝阳医院副院长童朝晖表示：新冠肺炎患者出现的是严重的呼吸衰竭，与03年的SARS相比，病情进展得更快，缺氧发展得很明显；此外，这次患者心脏受到的攻击非常厉害，救治起来的难度比以前要大。因此，我们提出要密切观察这类患者的生命体征，比如心率、血压、血氧的变化。L人民日报的微博视频收起全文d
","

2020年02月13日21:36

"
新京报我们视频,"
【#五菱首批口罩已下线#包装口号：人民需要什么就造什么】2月13日消息，上汽通用五菱首批口罩已经下线，但未公布具体下线日期和最新的产量数据。2月5日，上汽通用五菱宣布将生产汽车NVH隔音棉的车间改建为无尘车间，用于生产口罩，设置12条口罩生产线，预计日产量达170万个。#聚焦新冠肺炎疫情#L新京报我们视频的秒拍视频收起全文d
","

2020年02月13日22:11

??来自微博weibo.com"
侠客岛,"
【童朝晖：#新冠肺炎比SARS病情进展快#】北京朝阳医院副院长童朝晖表示：新冠肺炎患者出现的是严重的呼吸衰竭，与03年的SARS相比，病情进展得更快，缺氧发展得很明显；此外，这次患者心脏受到的攻击非常厉害，救治起来的难度比以前要大。因此，我们提出要密切观察这类患者的生命体征，比如心率、血压、血氧的变化。L人民日报的微博视频收起全文d
","

2020年02月13日21:43

"
CCTV4,"
【权威医学专家解读临床诊断病例】今晚21:30，《今日关注》邀请北京清华长庚医院新冠肺炎防控小组组长魏来，与主持人@鲁健深度对话，回答当前公众关心的问题。同时节目还将连线北大医学武汉前线医疗队专家组组长、北大人民医院重症科主任安友仲，CCTV4新媒体全程直播，敬请关注。LCCTV4的微博视频.#最新疫情地图##湖北新增14840例新冠肺炎##湖北省委主要负责同志职务调整##重庆三代感染病例占比明显增高##重庆出现四代感染病例##湖北累计确诊新冠肺炎48206例##武汉市社区排查累计达到424.3万户##武汉已建11家方舱医院#收起全文d
","

2020年02月13日21:30

??来自微博原生直播"
界面新闻,"
【#治疗性新冠特免血浆制品投入临床#】日前，在新冠肺炎治疗方面传来重磅消息。中国生物CNBG已完成对部分康复者血浆的采集工作，开展新冠病毒特免血浆制品和特免球蛋白的制备。经过严格的血液生物安全性检测，病毒灭活，抗病毒活性检测等，已成功制备出用于临床治疗的特免血浆！在各方紧密合作下，2月8日，以新型冠状病毒感染的肺炎诊疗方案（试行第五版）为指南，首期在江夏区第一人民医院开展了3名危重患者的新冠特免血浆治疗，目前连同后续医院治疗的危重病人超过了10人。临床反映，患者接受治疗12至24小时后，实验室检测主要炎症指标明显下降！淋巴细胞比例上升，血氧饱和度、病毒载量等重点指标全面向好，临床体征和症状明显好转。收起全文d
","

2020年02月13日22:38

??来自微博weibo.com"
新浪科技,"
【#2019年中国致死人数最多的传染病#，你知道是哪些么？】截止2020年2月10日24时，#新冠肺炎#的累计死亡病例已超过1000人，如果与去年全年的各类传染病相比较的话，该病的死亡人数将进入年度前三。根据国家疾病预防控制局的数据，2019年全年导致死亡人数最多的传染病依然是艾滋病，究竟还有哪些疾病在过去的一年中严重威胁着中国人的健康呢？L数据调查局的微博视频收起全文d
","

2020年02月13日21:15

??来自微博weibo.com"
广州日报,"
【历次以来规模最大！#佛山322人医疗队驰援湖北#】13日下午，由322名医护人员组成的广东佛山援助湖北武汉应对新冠肺炎疫情医疗队整装待发。这支由322名队员组成的湖北医疗队，来自佛山五区及市内各大医院，领队为佛山市卫生健康局副局长曾章康。这也是佛山第四次派出医疗队前往湖北驰援，抗击新型冠状病毒肺炎疫情，也是佛山历次以来派出医护人数最多、规模最大的一次驰援行动。曾入选“中国好人榜”的南方医科大学顺德医院主任医师李国华也在这个行列中，他表示“希望大家能顺利完成这一次驰援任务，会保证大家平安，和战友们一起凯歌而回。”（广州日报全媒体记者温利、高敏华、冯嘉敏、黄子宁）收起全文d
","

2020年02月13日17:45

??来自微博weibo.com"
新京报我们视频,"
【童朝晖：新冠肺炎比SARS病情进展快】2月13日，中央指导组医疗救治组专家、北京朝阳医院副院长童朝晖表示，新冠肺炎患者会出现严重的呼吸衰竭，与2003年的非典相比，病情进展得更快，缺氧发展得很明显；此外，这次患者心脏受到的攻击非常厉害，救治起来的难度比以前要大。因此，医护人员要密切观察这类患者的生命体征。#聚焦新冠肺炎疫情#@我们直播L新京报我们视频的秒拍视频收起全文d
","

2020年02月13日22:15

??来自微博weibo.com"
Vista看天下,"
【#新冠肺炎比SARS病情进展更快#】中央指导组医疗救治组专家童朝晖：新冠肺炎患者，是严重的呼吸衰竭，比非典的呼吸衰竭进展更快，病情进展更快，缺氧有时候发展得很明显。和2003年非典相比，这次的患者心脏受到攻击也非常厉害。所以这一类病人救治起来的难度比以前要大，也比我们平时救治的难度大。@央视新闻L央视新闻的微博视频收起全文d
","

2020年02月13日21:59

??来自iPhone客户端"
中国日报,"
【童朝晖：#新冠肺炎比SARS病情进展快#】北京朝阳医院副院长童朝晖表示：新冠肺炎患者出现的是严重的呼吸衰竭，与03年的SARS相比，病情进展得更快，缺氧发展得很明显；此外，这次患者心脏受到的攻击非常厉害，救治起来的难度比以前要大。因此，我们提出要密切观察这类患者的生命体征，比如心率、血压、血氧的变化。L人民日报的微博视频收起全文d
","

2020年02月13日21:58

??来自微博weibo.com"
看看新闻KNEWS,"
【#专家回应湖北确诊病例激增#：不知道有多少敌人更危险】截至2月12日24时，湖北省卫健委公布，全省累计新增新冠肺炎病例14840例，这一数据较前段时间有明显增长，引起广泛关注讨论。广州呼吸健康研究院副院长郑劲平认为，之前的数据少是因为检测能力有限，不代表真实的少，现在正恢复到原来应有的水平。中山大学附属三院感染科副主任林炳亮也表示，“不要因为突然数据上来就恐慌，因为本来就有那么多人，就像打仗一样，那么多敌人，你不知道那么多敌人你不是更危险？”（中新社）L看看新闻Knews的秒拍视频收起全文d
","

2020年02月13日22:34

??来自iPhoneXR"
科学探索,"
【#新冠肺炎比SARS病情进展更快#】中央指导组医疗救治组专家童朝晖：新冠肺炎患者，是严重的呼吸衰竭，比非典的呼吸衰竭进展更快，病情进展更快，缺氧有时候发展得很明显。和2003年非典相比，这次的患者心脏受到攻击也非常厉害。所以这一类病人救治起来的难度比以前要大，也比我们平时救治的难度大。L央视新闻的微博视频收起全文d
","

2020年02月13日21:53

??来自iPhone8Plus"
中国之声,"
【一起听！#一个湖北人为家乡所作的歌#】面对新冠肺炎疫情，音乐人唐龙、宋兵创作的公益MV《愿你安然无恙》今天正式发布。词作者宋兵是湖北荆门人，现在在宁波工作。作曲唐龙因为弟弟曾在武汉工作而对武汉有了挂念。疫情发生后，逆行的白衣天使，建筑医院的工人，普通人的善良坚守让他们每天都热泪盈眶、燃起希望。戳视频，一起听！为武汉和湖北加油！（总台央广记者曹美丽杜金明）#全国累计确诊新冠肺炎59804例##歌手取消现场大众听审团#L中国之声的微博视频收起全文d
","

2020年02月13日17:10

??来自微博视频"
21世纪经济报道,"
【一个人干停医院门急诊，一家人干趴一栋楼，请严惩瞒报者！】一家人瞒报，3户共6例确诊，广州海珠区琶洲保利天悦的18栋整栋楼隔离。接诊一例瞒报行踪的新冠肺炎患者，广东祈福医院3人确诊，107人集中医学观察，门急诊服务全停。瞒报，正成为疫情防控的最大风险。仅媒体报道已被立案查处的瞒报确诊患者，广州已有两例，深圳、佛山、东莞分别为4例。每一个瞒报案例，无一例外导致大量不知情人员被隔离。详戳????O一个人干停医院门急诊，一家人干趴一栋楼，请严惩瞒报者！#金银潭医院恳请康复患者捐献血浆##孝感黄冈等地要采取武汉同等措施#收起全文d
","

2020年02月13日22:59

??来自iPhone客户端"
协和医生Do先生,"
下班回来后，晚饭一直没吃，只是感觉头晕，竟然坐在那里不知觉睡着了，突然惊醒，以为闹钟没响错过了上班时间，一阵心跳加速，才想起自己才下班回来。看见微信上爸爸问""为什么湖北激增那么多确诊人数""，其实数据激增主要原因是疑似病例只要拍CT，有新冠肺炎肺部病变的特征，在没有核酸检测的情况下，就能成为临床诊断病例。这样可以加快患者规范治疗的速度，减少了排队等确诊后再治疗，对控制整个疫情发展是有利的准备。#抗击新型肺炎第一线##抗疫行动#2武汉收起全文d
","

2020年02月13日20:04

??来自iPhone客户端"
彭州发布,"
【知识帖：人体免疫系统反击病毒之战】人体的免疫系统就像一支军队，而病毒就是侵略者，当病毒入侵，免疫系统如何应战和反击，值得一看via??：L鼻整形科普的微博视频#童朝晖新冠肺炎比SARS病情进展快##武汉感染人数未摸清#L西南铁警的微博视频??????","

2020年02月13日22:40

??来自OPPOR15梦镜版"
中国新闻周刊,"
【“打倒病魔”#台州危重病人脱离呼吸机#】#周刊君与你共同战疫#2月12日，浙江首例危重症新冠肺炎感染者刘彩萍（化名），正转至台州市公共卫生医学中心做康复治疗。1月19日，刘彩萍高烧发热被送到台州医院隔离病房，1月22日确诊。2月2日，她成功拔管脱离呼吸机。目前，刘彩萍经过三次核酸检测阴性，体温正常。@新京报我们视频L新京报我们视频的秒拍视频收起全文d
","

2020年02月13日22:06

"
新浪视频,"
【#英国确诊第9例新冠肺炎病例#当地出现多起歧视华人事件】中新社2月12日报道，英国卫生部发布公告，最新确诊一名新冠肺炎感染者，目前英国确诊病例总数达9例。该位感染者为一名中国女性，几天前从中国乘机抵达伦敦，在希思罗机场降落后出现症状，随即拨打了医疗服务系统救助电话。随着确诊病例的增多，英国多地出现了针对华人的歧视行为。两名在卡迪夫上学的中国留学生在接受外媒采访时称，有当地人直呼自己“冠状病毒”，并模仿咳嗽嘲笑中国学生。@沸点国际L沸点国际的秒拍视频收起全文d
","

2020年02月13日15:45

??来自微博weibo.com"
新京报我们视频,"
【#打滴滴打到安全舱#？滴滴回应：车内加装防护隔离膜已在多地试行】近日，多地乘客在乘坐滴滴时发现，车内加装了塑料隔离膜。2月11日，滴滴发布公告称，在网约车内加装防护隔离膜是为了减少飞沫传播，设置一个简易的“安全舱”，目前已陆续在武汉、大连、洛阳、郑州、长治、宝鸡、江门等城市试行。#聚焦新冠肺炎疫情#L新京报我们视频的秒拍视频收起全文d
","

2020年02月13日21:01

??来自微博weibo.com"
唔呼呼呼呼呼,"
#水彩画家刘寿祥因新冠肺炎去世#哭了十月份还上了老师的课，人特别活泼，授课也特别好。希望老师一路走好。2武汉L唔呼呼呼呼呼的微博视频??","

2020年02月13日22:04

??来自iPhone客户端"
中国新闻网,"
#关注新冠肺炎#【专家：#理论上重症患者传染性高于轻症#】13日，广州支援武汉协和医院医疗队队长、广州医科大学附属第一医院副院长张挪富表示：传染性的大小，与上呼吸道病毒的载量或者说数量有关系。广州医科大学附属第一医院前一段数据显示，ICU里面大概有60%以上的病人，上下呼吸道都能够检出病毒，而且病毒载量非常高，有的超过10的6次方以上。同时我们在血液里以及粪便里也找到了病毒，说明重症病人的病毒载量高。而且除了呼吸道之外，在血液以及粪便当中也有这种病毒，有可能会有其他传播途径。而在轻症病人里面，上呼吸道病毒载量偏低，但这也不是绝对的，有些轻症病人因为本身老年人免疫力低下，可以作为病毒培养基，所以在早期，老年人会不会上呼吸道病毒载量一定高于轻症，现在没有这个数据。理论上讲重症的传染性高于轻症，尤其是后期，作为病毒培养基可能病毒量更大。但轻症病人同样也具有传染性。（左宇坤）收起全文d
","

2020年02月13日21:55

??来自微博weibo.com"
微博校园,"
【致敬凡人英雄！#武汉教师义务为400个家庭送药#】自1月25日开始，湖北武汉26岁的教师吴悠每天骑着电动车为有需求的新冠肺炎患者和老人送药，目前他和他的团队已为超400户家庭配送药品、口罩和消毒酒精等物资。致敬凡人英雄！为武汉加油！L澎湃新闻的微博视频??","

2020年02月13日21:34

??来自iPhone客户端"
北京头条,"
【家人确诊无人照顾，#8位护士妈妈温情守护5岁男童#】2月3日，5岁男童熙熙的家人先后被确诊为新冠肺炎，熙熙面临无人照顾的情况。8名护士自发组成“妈妈团”，轮流照顾他的生活起居。2月12日，熙熙的妈妈治愈出院。虽然这份陪伴是临时的，但背后的爱却是最真挚的！@蟹视频L蟹视频的秒拍视频??","

2020年02月13日21:30

??来自微博weibo.com"
新浪新闻客户端,"
【#疫情防控发布会#：北京一病例被#确诊后不当回事全家7人中招#】2月13日，北京市疾病预防控制中心副主任庞星火通报称，春节期间，一市民与亲戚聚餐八天后，对方电话告知自己确诊新冠肺炎，但该市民没当回事继续逛超市，走亲戚。之后家人陆续出现症状，家中7人被确诊感染新冠肺炎。L新京报我们视频的秒拍视频收起全文d
","

2020年02月13日17:28

??来自专业版微博平台"
北京青年报,"
【家人确诊无人照顾，#8位护士妈妈温情守护5岁男童#】2月3日，5岁男童熙熙的家人先后被确诊为新冠肺炎，熙熙面临无人照顾的情况。8名护士自发组成“妈妈团”，轮流照顾他的生活起居。2月12日，熙熙的妈妈治愈出院。虽然这份陪伴是临时的，但背后的爱却是最真挚的！@蟹视频L蟹视频的秒拍视频??????收起全文d
","

2020年02月13日22:05

??来自微博weibo.com"
新京报我们视频,"
【#福建发生聚集性疫情24人确诊#全村436人被隔离】2月12日，福建莆田市相关负责人通报了金川村聚集性疫情情况。1月26日，金川村确诊3例新冠肺炎病例。经排查，3名确诊病例曾先后参加该村16日、18日两场露天宴席且期间频繁参与打牌、搓麻将，与大多数村民交往密切。目前，该村已确诊病例24例。#聚焦新冠肺炎疫情#L新京报我们视频的秒拍视频收起全文d
","

2020年02月13日21:21

??来自微博weibo.com"
新京报我们视频,"
【#江苏援黄石医疗队总指挥回应散装#：是误解关键看仗打得怎样】2月12日凌晨，江苏省支援湖北黄石医疗队已经在黄石安顿完毕。总指挥鲁翔介绍，眼下二代新发病人筛查还没有完成，是抗疫战的关键时刻，江苏队任务艰巨。至于网友戏称江苏是“散装江苏”，鲁翔说是一种误解，关键是看仗打得怎么样。#聚焦新冠肺炎疫情#L新京报我们视频的秒拍视频收起全文d
","

2020年02月13日21:15

??来自微博weibo.com"
甘肃发布,"
#疫情防控甘肃在行动#【捷报，张掖清零！第二例新冠肺炎治愈患者今日出院！】2月13日10时，在民乐县人民医院隔离治疗的张掖市首例输入性新冠肺炎患者成功治愈出院，这也是张掖市第二例治愈出院的新冠肺炎患者。至此，张掖市两例新冠肺炎确诊患者已经全部治愈出院，全市确诊病例人数清零。（新甘肃·甘肃日报记者范海瑞）L每日甘肃网的微博视频收起全文d
","

2020年02月13日20:57

??来自微博weibo.com"
人民网,"
【#共享员工抱团战疫#一箭几“雕”？】突如其来的新冠肺炎疫情让国内许多企业面临一次巨大考验。非常时期，企业该如何破局成为这场战“疫”突围的关键。#万众一心抗击疫情#，阿里巴巴集团旗下盒马鲜生超市最早提出“共享员工”概念，而后这种模式的“跨界”合作不断向多行业扩展，在这场与病毒的斗争中，企业间开启了一场救人亦自救的战“疫”行动。“共享员工”模式为何出炉？企业合作后合同该怎么签？未来的你可能不只属于一家公司了？戳↓↓O记者观察：“共享员工”抱团战“疫”一箭几“雕”？收起全文d
","

2020年02月13日22:15

??来自微博weibo.com"
南国早报,"
【硬核防疫！广西河池“蒙面女侠”在柳州火车站踏上返工路，20元全副武装回深圳】#广西抗击新冠肺炎#13日上午，柳州火车站候车厅里，出现了一位全副武装的“蒙面女侠”，据了解，该女子姓韦，今年26岁，家住广西河池罗城仫佬族自治县。作为一家网络平台公司的营销员，她准备乘坐动车赶到深圳去上班。她还介绍：这一身装扮，总共就花了20元！L南国今报的秒拍视频收起全文d
","

2020年02月13日22:25

??来自iPhone客户端"
最高人民检察院,"
【央视·法治在线｜借口罩行骗罪当几何？】在新冠肺炎疫情防控期间，有人打起了口罩的歪主意。江苏省南通市和浙江省宁波市法院分别审理的两起案件，被告人均是利用被害人急购口罩的心理，假借口罩行骗。那他们的行为会面临何种指控，又分别会受到怎样的处罚呢？#防控新型冠状病毒肺炎#L最高人民检察院的微博视频收起全文d
","

2020年02月13日17:00

??来自微博视频"
新京报我们视频,"
【#疫情期间的北京花卉市场#买花人：在家憋坏了买花点缀心情】2月13日，@新京报我们视频探访北京花乡花卉创意园。从事鲜花行业20年马女士介绍，有一名顾客说在家待的已经快抑郁了，鲜花点缀了家里的气氛。一名小跑来买花的顾客表示，鲜花是送给妻子的，因为疫情期间尽量最快买完回家。#聚焦新冠肺炎疫情#L新京报我们视频的秒拍视频收起全文d
","

2020年02月13日20:56

??来自微博weibo.com"
中国之声,"
【#新冠肺炎比SARS病情进展更快#】中央指导组医疗救治组专家童朝晖：新冠肺炎患者，是严重的呼吸衰竭，比非典的呼吸衰竭进展更快，病情进展更快，缺氧有时候发展得很明显。和2003年非典相比，这次的患者心脏受到攻击也非常厉害。所以这一类病人救治起来的难度比以前要大，也比我们平时救治的难度大。L央视新闻的微博视频收起全文d
","

2020年02月13日22:09

??来自微博weibo.com"
新京报我们视频,"
【#世卫组织点赞新加坡防疫#：防控新冠病毒时全面排查呼吸疾病】2月12日，世卫组织就400余位国际专家对新冠疫情讨论做出简报，称赞新加坡对新冠病毒疫情的应对措施可作为典范，因其不仅仅是在排查新冠肺炎患者，而是开启了对SARS和流感样症状的常规冬季监测。#聚焦新冠肺炎疫情#@世面L世面的秒拍视频收起全文d
","

2020年02月13日14:24

??来自微博weibo.com"
新京报我们视频,"
【#确诊病例社区防疫人员日常#：洗上百次手洗到发白】李俊是江苏淮安一小区物业工作人员，其小区中有一例新冠肺炎确诊病例。因小区出现新冠肺炎确诊患者，小区的检查十分严格。因为要实施严格的管控，他们每天都会非常忙，每天都会洗上百次手，因为洗手次数太多，手已经发白。#聚焦新冠肺炎疫情#@拍者PartnerL新京报我们视频的秒拍视频收起全文d
","

2020年02月13日22:27

??来自微博weibo.com"
中国日报,"
【中央：#促进中医药深度介入诊疗#】2月13日召开的中央应对新冠肺炎疫情工作领导小组会议要求：强化中西医结合，促进中医药深度介入诊疗全过程，#及时推广有效方药和中成药#。加快药物临床试验，有效的要抓紧向救治一线投放，提高治愈率、降低病亡率。????????（新华社）????????","

2020年02月13日22:57

??来自微博weibo.com"
朕的江山有你一半,"
#全国累计确诊新冠肺炎59804例#“人民需要什么，五菱就造什么”硬核五菱转产口罩仅用时三天！武汉加油！！中国加油！！L朕的江山有你一半的微博视频??","

2020年02月13日22:49

??来自vivo智能手机"
中国新闻网,"
#关注新冠肺炎#【#湖北130万只民用口罩投向市场#：#湖北投放130万只2元民用口罩#】按照湖北省指挥部部署，省市场监管局等部门积极协调武汉小药药医药科技有限公司，加强民用口罩市场供应，13日已筹集首批50万只民用口罩，通过武汉小药药公司销售网络投向武汉商务企业和零售药店。目前，已经有同济堂、好得快、中联等药房共1235家零售药店参加销售，并悬挂对应销售标识。据了解，武汉小药药公司采取补贴运费、税费等方式，按照进货价1元/只供应零售药店，并要求零售药店张贴告示按2元/只平价向市场供应。第二批货源80万只民用口罩已经到货，除供应防疫部门外，其余将通过省内商超、药店渠道投放销售。第三批货源正在组织中。（人民日报）收起全文d
","

2020年02月13日17:54

??来自微博weibo.com"
新华视点,"
#新型冠状病毒感染肺炎#【外交部：疫情无情人有情】意大利那不勒斯青年人发起“拥抱中国人”的快闪活动，东京街头身穿中国旗袍的日本女孩号召民众为武汉捐款，英国中学生合唱中文歌曲《让世界充满爱》......新冠肺炎疫情发生以来，很多国家的民众特别是青少年通过自发的举动呼唤良知与正义，抵制偏见与不公，传递信心与力量，对中国人民的抗疫斗争给予道义上的声援和精神上的支持。外交部发言人耿爽13日就此表示，疫情无情人有情，患难时刻见真情。我们坚信，真善终将克服隔膜，关爱终将战胜恐慌，在世界人民的理解支持之下，中国人民一定能够取得抗击疫情的最终胜利。（记者朱超）收起全文d
","

2020年02月13日16:01

??来自微博weibo.com"
新京报我们视频,"
【疫情防控下的北京：为免频繁出行#北京西站客运员工作24小时休72小时#】据统计，2月5日至2月12日，北京西站累计发送旅客12.55万人，不到去年同期的10％，累计到达旅客65.9万人，与去年同期相比下降超过70%。为避免频繁出行，北京西站暂时规定客运员连续工作24小时，再休72小时。#聚焦新冠肺炎疫情#L新京报我们视频的秒拍视频收起全文d
","

2020年02月13日17:26

??来自微博weibo.com"
爱竹笋竹笋,"
刚入职时的老上司也发出求助信息，紧急转发求助:我在武汉的叔叔婶婶和他孩子一家感染。婶婶在家中去世。真真切切！紧急网络求救！以下是孩子发出的信息救救我们一家人！[祈祷][祈祷][祈祷]母亲因新冠肺炎前天在家去世，父亲已经确诊，自己，妻子和1岁的孩子也已经感染【患者姓名】陈四保（父亲）【患者年龄】62【所在城市】武汉市【详细地址】硚口区古田三路新华社区24栋5单元601室【患病时间】1月28日【需要帮助】1月28日开始，母亲咳嗽发烧，因没有核酸试剂盒检测，无法医院治疗，2月11日母亲在家中死亡。一直照顾母亲的父亲双肺感染，医院检查结果是疑似，目前全身无力，呼吸困难，今天下午才进隔离点观察…这样拖着再不治疗，怕父亲也和母亲一样，性命难保…而自己，妻子和1岁的孩子也感染了，不知如何是好，救救我们一家人[祈祷][祈祷][祈祷]【联系人】陈璟（子）陈四保（父）【联系方式】13545152822陈璟13871411885陈四保收起全文d
","

2020年02月13日22:47

??来自iPhone"
广州日报,"
#直击广东荆州抗疫#【提高诊疗效率！广东经验做出了贡献】2月13日晨，分派到荆州各市县新冠肺炎定点医院的广东医护队员已紧锣密鼓地展开工作。广东省支援湖北荆州医疗队总指挥黄飞告诉记者，他们根据实际情况，很快就将新冠肺炎核酸检测资格下放到县一级的洪湖市人民医院，这大大提高县一级医院诊疗效率，未来将在荆州所有市县推广，“防治传染病，确诊能力是关键，以往洪湖的核酸检测只能到荆州城区或武汉去做，这带来很多问题。将病毒核酸检测迅速下放到县一级医院，是广东抗击非典的重要经验，我希望这一经验能推广到全荆州乃至全湖北。”除此之外，医疗队还将洪湖市人民医院的收治方式进行了调整：将病人分为四类集中管理，将重症、危重症病人收治在洪湖市人民医院，由医疗队接管该院的感染病区、ICU，重点解决重症救治问题。其他定点医院则按分类管理的原则，收治其余轻症患者、普通型患者及疑似病例。总指挥黄飞表示，目前荆州危重症、重症病例的数量“令人担忧”，不过好消息是荆州目前基本完成了应收尽收、应治尽治，随着广东医疗队的加入，这方面会做得更好。目前广东医疗队的物资准备比较充足，近5天的防护物品和医疗物资是有保障的，后方也在紧密联络沟通，我们没有太多后顾之忧。（广州日报全媒体记者武威、吴子良）O网页链接L广州日报的微博视频收起全文d
","

2020年02月13日19:25

??来自微博weibo.com"
每日经济新闻,"
#多款平板电脑断货#【继口罩之后，平板电脑又成“刚需”！学生们纷纷用来上网课，很多型号已卖断货】由于受到新冠肺炎疫情的影响，多个省市宣布延迟开学到3月。本周，不少地方陆续进行网络授课教学。在众多网购平台上，一些3C品牌旗下多种款式的平板电脑成了紧俏物品。在京东、淘宝等购物平台上检索发现，以华为、苹果、小米为代表的平板电脑产品，多个款式、型号缺货。苹果的一些平板产品仍可下单，但会显示“采购中”，配送时间也无法确定，客服称这是商品缺货，正在补货中，暂时不能确定具体的到货时间。深圳一家生产平板电脑的厂家最近接单不断，该公司一位客服销售相关负责人称，很多消费者都是买给孩子上网课使用。O继口罩之后，平板电脑又成“刚需”！学生们纷纷用来上网课，很多型号已卖断货收起全文d
","

2020年02月13日22:27

??来自搜狗高速浏览器"
中国新闻网,"
#关注新冠肺炎#【专家：和非典相比新冠肺炎患者呼吸衰竭病情进展更快】2月13日，中央指导组医疗救治组专家、北京朝阳医院副院长童朝晖在发布会上介绍，国家专家组通过前期工作与实际一线救治经历发现，新冠肺炎患者出现的是一种严重ARDS，就是严重呼吸衰竭，同2003年非典相比，这次呼吸衰竭进展得更快，缺氧有时候发展得很明显，患者心脏受到的攻击也非常厉害，从前期指标分析发现，这类患者心脏的肌钙蛋白增高比例非常高，所以我们觉得这类病人救治难度比以前要大，也比平时救治ARDS难度要大。（任思雨）收起全文d
","

2020年02月13日21:45

??来自搜狗高速浏览器"
中国新闻周刊,"
【童朝晖：#患者与SARS相比病情进展更快#】#周刊君与你共同战疫#北京朝阳医院副院长童朝晖表示：新冠肺炎患者出现的是严重的呼吸衰竭，与03年的SARS相比，病情进展得更快，缺氧发展得很明显；此外，这次患者心脏受到的攻击非常厉害，救治起来的难度比以前要大。因此，我们提出要密切观察这类患者的生命体征，比如心率、血压、血氧的变化。@人民日报L人民日报的微博视频收起全文d
","

2020年02月13日21:38

"
北京日报,"
#北京战疫#【只用了10天！#北京首个新冠肺炎药物获准临床试验#】2月13日，北京经济技术开发区对外披露，亦庄企业舒泰神（北京）生物制药股份有限公司及其全资子公司北京德丰瑞生物技术有限公司收到国家药品监督管理局签发的关于BDB-001注射液用于冠状病毒感染所致重症肺炎治疗的《药物临床试验批件》。这是北京也是经开区首家获批新冠肺炎治疗药物临床试验的生物医药企业。“得益于政府高效的服务，本次BDB-001注射液用于新型冠状病毒感染者所致重症肺炎的治疗临床获批只用了10天。”舒泰神相关负责人说。来源：北京日报客户端O网页链接收起全文d
","

2020年02月13日15:33

"
酷兒_语,"
#全国新增15152例新冠肺炎##全国累计确诊新冠肺炎59804例#】据国家卫健委消息，2月12日0时—24时，31个省（自治区、直辖市）和新疆生产建设兵团报告，新增确诊病例15152例。截至2月12日24时，据31个省（自治区、直辖市）和新疆生产建设兵团报告，现有确诊病例52526例，累计死亡病例1367例，累计报告确诊病例59804例L杨少-道的微博视频收起全文d
","

2020年02月13日16:32

"
央广军事,"
#直击疫情防控第一线#【战疫夫妻同一医院半个月没见】为抗击新冠肺炎疫情，解放军总医院第五医学中心护士长吴丹在确诊患者病区忙碌着；同在医院的丈夫顾风军，作为工程师坚守岗位。半个多月没见，夫妻俩隔门而望。他说照顾好自己，等你回家；她来不及告别，就奔向岗位。#武汉战疫#@央视军事L央视军事的微博视频收起全文d
","

2020年02月13日21:37

??来自微博国际版"
新闻晨报,"
【张勇透露阿里驰援抗击新冠肺炎阶段进展：#阿里已采购超4000万件医疗物资#】2月13日，阿里巴巴集团董事会主席兼首席执行官张勇在分析师电话会上透露阿里巴巴驰援抗疫阶段进展：截至目前，阿里已经采购超过4000万件医疗物资送往武汉及其它受疫情影响的地区，价值人民币4.68亿元，菜鸟绿色通道向武汉和其他受影响地区递送了超过2600万件医疗物资。此前阿里设立10亿元专项基金支援全国抗击疫情的医疗物资供给。据悉过去一个月阿里巴巴旗下淘宝天猫盒马菜鸟阿里云等多个业务，也投身到物资运输生活保障助农复工等抗疫服务中。收起全文d
","

2020年02月13日22:45

??来自微博weibo.com"
N视频,"
【方舱医院跳广场舞走红网络，海南护士诧异：没想到能博得大家喜爱】近日，海南支援湖北护理团队与方舱医院的患者一起跳广场舞的视频被众多网友转发分享。在视频中，许多新冠肺炎确诊轻症患者随着旋律跟着护士一起舞动。除了儋州调声，海南护士还将八段锦也带进了方舱医院。海南支援湖北护理团队护士、儋州中心医院护士薛梅丽告诉南都记者，她们结束医护工作后，看到病人久卧不利于身体免疫力的恢复，海南的这个音乐既能让病人释压，也能缓解医院的紧张状态，没有想到竟然博得全国人民的喜爱。LN视频的微博视频收起全文d
","

2020年02月13日22:11

??来自南都视频"
DS北风,"
#阻击新型冠状病毒#【军队增派2600名医护人员支援武汉抗击新冠肺炎疫情】军人责无旁贷，义不容辞！#运20天河机场#LDS北风的微博视频??","

2020年02月13日22:16

??来自微博视频"
新京报,"
【广西再次延迟开学时间：#广西全区学校不得在3月1日前开学#】据广西卫健委网站消息，为进一步做好全区各级各类学校（含中小学、幼儿园、高等学校、中职学校、技工学校）及教育培训机构新冠肺炎疫情防控工作，自治区新型冠状病毒感染的肺炎疫情防控工作领导小组指挥部现就全区各级各类学校复学工作通知如下：一、强化疫情防控责任。全区各级各类学校及教育培训机构必须按照“织牢防控网、阻断传播链”的要求，严格落实疫情防控主体责任，实行一把手负责制，建立健全防控机制，制定防控工作方案，安排专人专班负责，落实落细各项工作责任，坚决堵住疫情输入输出，坚决防止疫情在本单位扩散，做到守土有责、守土担责、守土尽责，确保师生生命安全和身体健康。二、再次调整延迟开学时间。根据疫情防控形势，再次延迟开学时间，全区各级各类学校在2020年3月1日前不得开学，具体开学时间按照教育部关于“疫情未得到有效控制之前绝对不能开学”的要求，视疫情防控情况另行确定。高等学校、区直中职学校要提前谋划错时开学、错峰返校工作，形成工作方案，于开学前15天报送自治区教育厅。各类教育培训机构一律暂缓开展线下服务。三、严格校园防疫管控。全区各级各类学校要切实强化阵地意识，严防死守，坚决做到“五个一律”，即未经学校批准学生一律不准返校，校外无关人员一律不准进入校门，师生员工进入校门一律核验身份和检测体温，对发热、咳嗽者一律要求其到就近医疗机构发热门诊就诊，不服从管理者一律严肃处理。中小学、幼儿园、中职学校、技工学校实行校园封闭管理，高等学校实行划区划片管理，学校所有场所设施暂不向社会开放。中小学、幼儿园、中职学校、技工学校要设置相对独立的健康观察场所，高等学校设置独立隔离区，发现异常状况的人员先行隔离观察，第一时间报告当地疾控机构，及时安排到就近的定点医疗机构就诊。图书馆、体育馆、学生活动中心等室内场馆暂不开放，学生食堂推行分餐制，减少人员聚集。学生公寓实行封闭管理，进出必须实名验证并检测体温。四、做好校园消杀防疫工作。全区各级各类学校及教育培训机构要按照《公共场所新型冠状病毒感染的肺炎卫生防护指南》、《关于新冠肺炎流行期间召开会议防控指南》等11个指南以及自治区关于疫情防控的有关要求，制定相关防护制度，做好防护措施。做好体温测量仪、消毒剂、口罩等疫情防控物资储备，并对学生宿舍、食堂、教室、卫生间等重点区域和场所进行消杀防疫，明确责任人并实时做好记录。五、建立师生员工健康管理机制。全区各级各类学校要建立全覆盖、无遗漏的健康管理机制，建立师生员工健康档案，安排专人对师生员工的健康状况、假期出行和参加聚会情况逐一进行统计核查，随时掌握师生员工身体状况，严格落实开学前居家观察14天的要求，确保一个不漏、一个不少。对仍在重点疫情防控地区的师生员工应通知其暂不返校。对假期留校或已提前返校的师生员工，按照“一人一案”要求，做好疫情防控管理和监测工作。开学后，严格落实学生晨午检制度，做好体温、体征监测，及时了解学生健康状况。做好师生员工因病缺课缺勤登记等日常防控工作，因病缺课缺勤人员应根据医院返校证明和确认隔离期限后，方可返校。六、利用线上教学确保停课不停教不停学。延迟开学期间，全区各级各类学校要指导学生学习使用由教育部门组织开发或推荐的公共教育资源，全力保障教师网上教、学生网上学，确保“停课不停教、停课不停学”。在原计划正式开学日之前，学校不得提前开始新学期课程网上教学。网上教学过程中要注意青少年身心健康，把握好适量的教学内容和适当的教学时长。七、落实情况报告和责任追究制度。全区各级各类学校及教育培训机构要按照属地管理原则，自觉服从当地人民政府及相关部门发布的疫情防控决定、命令，自觉接受疾控机构、医疗机构等部门采取的防控措施，认真执行“日报告”、“零报告”制度，做到及时、真实、准确报告有关情况，严禁迟报、少报、漏报、瞒报和谎报。全区各级教育行政主管部门要加强督导检查，对没有严格落实延期开学、落实疫情防控措施等要求的，责令马上整改纠正。对不担当、不作为的，除追究直接责任人责任外，情节严重的要对单位主要负责人进行问责。八、加强宣传教育引导。开展新冠肺炎疫情预防教育，张贴戴口罩、测体温、勤洗手等宣传标识，提醒防疫注意事项，增强师生员工的防病意识和自我保护能力。建立完善学校与家庭沟通渠道，及时通报学校防控情况和传达有关要求，确保家长学生情绪稳定。及时准确、公开透明发布相关信息，加强政策措施的宣传解读，回应师生关切，教育引导师生员工不造谣、不信谣、不传谣。O广西再次延迟开学时间：全区学校不得在3月1日前开学收起全文d
","

2020年02月13日22:44

??来自微博weibo.com"
燕赵都市报,"
#湖北河北在一起#【驰援武汉，#最美承德姑娘#刷爆朋友圈】#河北防控新型肺炎#近日，一位武汉新冠肺炎患者拍摄的小视频刷爆了承德人的朋友圈，这段小视频虽然只有寥寥数语，但温馨的对话却感动了所有看视频的人。视频中“全副武装”的医护人员叫施燕，是驰援武汉的承德医学院附属医院感染性疾病科的护士，被大家称为“最美承德姑娘”。（燕都融媒体记者卢伟丽）L燕赵都市报的微博视频收起全文d
","

2020年02月13日22:55

??来自360安全浏览器"
参考消息,"
【新冠肺炎命名拒贴“中国标签”外媒：避免引发歧视暗示】外媒称，引发疫情的新冠肺炎有了正式名称——COVID-19（其中“CO”代表冠状，“VI”为病毒，“D”为疾病）。按照世界卫生组织（WHO）建议，正式名称既没有对新毒株发源地的暗示，也没有任何其他可能对首先发现该病毒的国家造成经济损失或引发对该国人民歧视的暗示。O网页链接收起全文d
","

2020年02月13日20:46

??来自微博weibo.com"
台湾那点事儿,"
#关注新冠肺炎#【#首尔市市长说现在该是报恩的时候了#】目前，韩国首尔市政府向中国提供的一批援助物资已经启运。首尔市市长朴元淳说：“五年前，首尔因中东呼吸综合征疫情遭遇痛苦时，北京市政府提供了很大的帮助。现在，该是首尔报恩的时候了。首尔市政府愿助一臂之力，直到恢复正常生活。武汉加油，中国加油，首尔支持中国！”L央视新闻的微博视频收起全文d
","

2020年02月13日17:31

??来自岛主的Android"
新京报我们视频,"
#聚焦新冠肺炎疫情#【童朝晖：新冠肺炎比SARS病情进展快】北京朝阳医院副院长童朝晖表示：新冠肺炎患者出现的是严重的呼吸衰竭，与03年的SARS相比，病情进展得更快，缺氧发展得很明显；此外，这次患者心脏受到的攻击非常厉害，救治起来的难度比以前要大。因此，我们提出要密切观察这类患者的生命体征，比如心率、血压、血氧的变化。L人民日报的微博视频（来源：@人民日报）收起全文d
","

2020年02月13日21:53

??来自微博weibo.com"
环球网,"
【新冠肺炎重症患者怎样治疗？专家这么说】湖北省新冠肺炎疫情防控指挥部13日21时召开新闻发布会，邀请中央指导组医疗救治组专家、北京朝阳医院副院长童朝晖、广州支援武汉协和医院医疗队队长、广州医科大学附属第一医院副院长张挪富、武汉金银潭医院院长张定宇等介绍武汉市重症救治进展情况，并回答记者提问。问：能否介绍一下对重症患者的主要治疗方案？答：1、密切观察患者的生命体征。2、加强呼吸支持力度。3、积极开展有创呼吸机、体外膜肺的支持。O新冠肺炎重症患者怎样治疗？专家这么说收起全文d
","

2020年02月13日21:24

"
东方财富网,"
【重磅好消息！治疗性新冠特免血浆制品投入临床】日前，在新冠肺炎治疗方面传来重磅消息。国药中国生物已完成对部分康复者血浆的采集工作，开展新冠病毒特免血浆制品和特免球蛋白的制备。经过严格的血液生物安全性检测，病毒灭活，抗病毒活性检测等，已成功制备出用于临床治疗的特免血浆！在各方紧密合作下，2月8日，以新型冠状病毒感染的肺炎诊疗方案(试行第五版)为指南，首期在江夏区第一人民医院开展了3名危重患者的新冠特免血浆治疗，目前连同后续医院治疗的危重病人超过了10人。临床反映，患者接受治疗12至24小时后，实验室检测主要炎症指标明显下降！淋巴细胞比例上升，血氧饱和度、病毒载量等重点指标全面向好，临床体征和症状明显好转。（国资小新）O重磅好消息！治疗性新冠特免血浆制品投入临床收起全文d
","

2020年02月13日22:56

??来自360安全浏览器"
21世纪经济报道,"
【#新冠肺炎比SARS病情进展更快#】中央指导组医疗救治组专家童朝晖：新冠肺炎患者，是严重的呼吸衰竭，比非典的呼吸衰竭进展更快，病情进展更快，缺氧有时候发展得很明显。和2003年非典相比，这次的患者心脏受到攻击也非常厉害。所以这一类病人救治起来的难度比以前要大，也比我们平时救治的难度大。L央视新闻的微博视频收起全文d
","

2020年02月13日21:54

??来自iPhone客户端"
新华视点,"
#领航中国#【习近平同马来西亚总理马哈蒂尔通电话】新华社北京2月13日电国家主席习近平13日晚应约同马来西亚总理马哈蒂尔通电话。　　习近平指出，总理先生是中国人民的老朋友，在当前中国人民奋力抗击新冠肺炎疫情的关键时刻，总理先生提出同我通电话，体现了马方对中方的情谊和支持。疫情难免暂时影响中马正常人员往来，但动摇不了两国人民的深厚友谊。中马双方要在携手应对疫情挑战的同时，持续深化两国关系特别是共建“一带一路”合作，创造更多合作成果，造福两国和两国人民。　　习近平强调，疫情发生以来，中国政府高度重视，举全国之力，团结一心，采取最全面、最严格、最彻底的防控举措，取得积极成效，病亡率保持在较低水平，治疗方法不断突破，治愈率持续提升。中国政府将带领中国人民坚定信心、同舟共济、科学防治、精准施策，坚决打赢疫情防控阻击战。我们也一定能把疫情影响降到最低，保持中国经济发展势头，努力实现今年发展目标任务，同时继续朝我们的长远目标坚定迈进。　　习近平指出，中方针对疫情采取强有力措施，不仅是在对本国人民健康负责，也是在为世界公共卫生事业作贡献，得到了世界卫生组织和世界各国充分肯定。我们将继续本着人类命运共同体理念，同国际社会加强合作，共同战胜疫情。中方赞赏国际社会给予我们的宝贵理解和支持，尤其是马来西亚等周边友好国家，从政府到民间都积极行动，为中方雪中送炭。这是地区国家守望相助的生动体现。我们将继续本着公开、透明的态度，同包括马来西亚在内的东盟国家加强防控合作，共同维护地区公共卫生安全。我们也将继续像对待本国公民一样，照顾好马来西亚和其他外国在华人员。　　马哈蒂尔代表马来西亚政府对中国政府和人民遭遇新冠肺炎疫情表示慰问。马哈蒂尔表示，马方赞赏中方为应对疫情作出的巨大努力和取得的积极进展，认为这是中方作为负责任大国为维护世界公共安全作出的贡献。作为中国的真诚朋友，马方已经向中方提供了一批医疗物资，并愿继续为中方提供帮助。东盟国家愿同中方就疫情防控开展合作。马方相信，在习近平主席指挥领导下，中国人民一定能够战胜疫情，中国发展一定能够恢复正常。马方高度赞赏中方长期以来为促进马来西亚发展所作贡献，愿深化同中方务实合作，推进两国友好关系。收起全文d
","

2020年02月13日20:51

??来自微博weibo.com"
潇湘晨报,"
【#湖南医疗队将在黄冈开设专属重症医学科#】2月13日上午，湖南省支援黄冈市新冠肺炎防治前方指挥部（以下称""前方指挥部""）收到来自黄冈市新型冠状病毒感染的肺炎疫情防控工作指挥部《关于湖南省支援前方指挥部申请成立湖南省重症医学科的复函》文件，该文件回复称，同意（在大别山区域医疗中心）建设24张病床的重症医学病区，按照新冠肺炎医疗救治""四集中""的原则，全力支持保障湖南医疗队开展危重症医疗救治工作。#湖南防控新型冠状病毒肺炎#2长沙收起全文d
","

2020年02月13日22:16

"
人民网,"
【#广东要求中小学线上课程不超20分钟#】13日，广东省教育厅防控新冠肺炎疫情工作领导小组印发《延迟开学期间中小学线上教学工作指引》，提出要合理安排学生学习时间，对小学低年级线上学习不作统一硬性要求，由家长和学生自愿选择；要统筹安排好其他学段各门学科的线上课程内容，线上课程时间一般不能超过20分钟，各学科每天的学习容量要合适，避免各自为政增加学生负担。（广东教育）O详细指引出台！延迟开学期间广东中小学线上教学工作这样做收起全文d
","

2020年02月13日19:40

??来自微博weibo.com"
生态环境部,"
【生态环境部部长调研检查生态环境部直属单位新冠肺炎疫情防控工作】2月13日，生态环境部党组书记、部长、部疫情应对工作领导小组组长李干杰在北京调研检查部直属单位新冠肺炎疫情防控工作落实情况。他强调，要全力以赴推进疫情防控各项工作，统筹谋划打赢疫情防控阻击战和污染防治攻坚战，为决胜全面建成小康社会作出应有贡献。O生态环境部部长调研检查生态环境部直属单位新冠肺炎疫情防控工作收起全文d
","

2020年02月13日22:44

??来自微博weibo.com"
武汉大学,"
#抗击疫情高校在行动#感动！2月11日，新冠肺炎患者经过精心治疗，从武汉大学人民医院康复出院。临走前，隔空与住院患者互喊加油！病毒无情，而人间有爱！武汉加油！中国加油！#抗击疫情武大在行动#L武汉大学的微博视频??","

2020年02月13日19:25

??来自小米9"
jiw_world0909,"
一首鼓励新加坡人一起对抗新冠肺炎。#新冠肺炎#@新加坡眼Ljiw_world0909的微博视频2新加坡??","

2020年02月13日21:25

??来自iPhone"
四川发布,"
【@全国医护工作者：峨眉山景区开放后一年内将对您免费】2月13日，峨眉山风景名胜区管理委员会发布公告：为感恩在新冠肺炎疫情中守护健康、捍卫生命的医护工作者，峨眉山风景名胜区自恢复开放之日起一年内向全国医护工作者免费开放。通告称，所有医护工作者均可持有效证件免景区门票游览峨眉山，免费观看王潮歌导演的《只有峨眉山》演艺。具体细则将于景区恢复开放前发布，敬请关注。（李举涛）收起全文d
","

2020年02月13日21:39

??来自微博weibo.com"
扬子晚报,"
#苏大强连夜组队再援湖北##第七批江苏援湖北医疗队出征了#【三路齐飞！第七批江苏援湖北医疗队今日下午出征！】2月13日，第七批江苏援湖北医疗队700名队员分别在南京、徐州、扬州等地机场集结完毕，三路齐飞，启程奔赴湖北省武汉市，全力支援当地开展新冠肺炎医疗救治工作。此前，江苏已派出1792名医务工作者赴湖北，主要在武汉市开展疫情防控工作，在黄石市开展对口支援工作。加上此次出征的705人，目前江苏已累计派出2497名医务工作者支援湖北，在全国省、市、自治区中人数最多。扬子晚报/紫牛新闻摄影记者：宋峤收起全文d
","

2020年02月13日16:02

??来自360安全浏览器"
日光冲天,"
冲天一言来自舟山、#红色浙西南绿色新丽水#、绍兴、余姚、嵊州、海盐、慈溪的朋友给荆门发来了祝福，每一句""荆门加油""，听起来都让人备感温暖！L荆门社区网的微博视频#新冠肺炎比SARS病情进展快#??","

2020年02月13日22:41

"
中国政府网,"
【李克强主持召开中央应对新冠肺炎疫情工作领导小组会议??部署进一步分级分类有效防控??要求优化诊疗加快药物攻关科学防治??王沪宁出席】2月13日，中共中央政治局常委、国务院总理、中央应对新冠肺炎疫情工作领导小组组长李克强主持召开领导小组会议。O李克强主持召开中央应对新冠肺炎疫情工作领导小组会议部署进一步分级分类有效防控要求优化诊疗加快药物攻关科学防治??","

2020年02月13日21:11

??来自专业版微博"
央视网,"
【棒棒的！苏州19个月大的宝宝战胜病毒出院了】#19个月大新冠肺炎确诊宝宝出院#近日，苏州市第五人民医院有3名新冠肺炎确诊患者出院，其中包括了1名19个月大的宝宝。根据此前苏州市卫健委的通报，这名19月大的婴儿，现住苏州吴中区，1月18—24日随家人赴湖北探亲。1月30日确诊为新型冠状病毒感染的肺炎病例。孩子的父母都没有感染。#最新疫情报道#http://t.cn/A6h4t1J5收起全文d
","

2020年02月13日17:00

??来自微博weibo.com"
第一新闻,"
【听！#安康25岁新冠肺炎治愈者自述经历#】龙某某：最早于12月底在朋友圈中看到相关新冠肺炎的文章，当时我就和同学一起买了口罩备用，但由于当时了解的相关信息不多，也就未太在意。我今年在学校做实验比较晚，所以买的1月22日从武汉回西安的高铁票。当听说新冠肺炎存在人传人的情况后，我赶紧戴着口罩去了学校对面的超市，买了几天的水、泡面和零食，最后几天没有出过学校门，都在宿舍解决的吃饭问题，并每天自测体温，直到22日乘车前才出学校大门前往武汉站。出于保护自己和他人的目的，我全程都戴着医用N95口罩，路上没吃一口饭，没喝一口水。当天抵达西安时间较晚，于次日乘坐大巴回家。在大巴车上，我依然戴着口罩不吃不喝直至回家。23日在朋友圈中已有政府关于武汉回乡人员隔离措施的相关文件，于是我回家后第一时间就向相关机构进行了报备，回家也让家里提前准备的酒精对行李箱和手机物品进行擦拭，出于谨慎的原因，劝说家人取消了以往每年和爷爷奶奶一起的团年饭，在家自我隔离，和父母分餐吃饭，没事就待在卧室完成毕业的资料准备。从回家开始到大年三十晚上之前自测体温正常，大年三十晚上突然发烧，立即戴好口罩前往医院发热门诊，医生和护士很负责，在得知我从武汉回乡后，立即对诊室人员进行疏散，随后25日凌晨我住院进行隔离，接受治疗直至28号确诊后转至安康中心医院。随着我的确诊，一下子把周围的乡亲拉到了病毒的第一线，使得我从武汉回来所接触到的大巴车上的同乘人员和父母的生活受到了牵连，万幸！最后无一人感染全部解除医学观察，但对你们造成的恐慌和不便在这里说一声抱歉。当踏入隔离病房的那一刻，看着在新闻上才出现的隔离防护服和装置，说不怕是假的，但医护人员从心理上疏导我，从生活上关心我，主动给我带东西，询问我还需要什么，并告诉我需要什么随时告诉他们，在这样的照顾下我的心情也逐渐从害怕变得坦然了，他们都是普通人，是孩子的父母，也是父母的孩子，他们也想享受假日时光，奈何疫情当前，只能牺牲自我，冲锋陷阵。很想当面感谢他们，但我连他们长什么样子都不知道，只看到厚重的防护服、充满蒸汽的护目镜，我只是他们从医生涯中的一位过客，但他们却是我生命中重要的转折，谢谢你们照亮我回家的路。28日确诊后转至市中心医院，家乡的医生护士和相关机构的工作人员还是会定期打电话关心我，询问身体状况。市中心医院的医护人员对我送花进行送别，县医院的工作人员安排专车接我回家，并叮嘱出院注意事项，祝福我早日恢复身体，我真的很感动，谢谢你们！我想分享的是，大家一定要听从政府的引导，科学防疫。不要觉得疫情离自己很远，此时的安宁是多少一线人员牺牲自我，通宵达旦工作换回来的。不要让自己的一时之举让前期防控功亏一篑，此时此刻，每一位公民都在不同的战场对抗病毒，万众一心方能攻坚克难。从防范措施来讲要尽量不出门，如若出门一定要戴口罩，回家后第一时间洗手。从自身出发，在家科学补充营养，进行合理锻炼，毕竟最好的药就是我们自身的免疫力。即使不幸感染，也不要恐慌，人类最强烈的恐惧是对未知的恐惧，随着科研脚步的跟进，治疗举措的不断更新，只要配合治疗，坚定信心就会迎来春天。再次向所有奋战在疫情一线的医护人员和工作人员表示敬意，望平安！（陕西台康健??王晶）??#防控肺炎陕西在行动##武汉感染人数未摸清#收起全文d
","

2020年02月13日21:26

??来自iPhoneX"
搜狐新闻,"
【专家：新冠肺炎比2003年非典呼吸衰竭进展的更快心脏受到的攻击更厉害】中央指导组医疗救治组专家童朝晖：我们发现新冠肺炎的患者出现的是一种严重的严重呼吸衰竭，与2003年非典相比，这一次呼吸衰竭进展的更快，缺氧有时候发展很明显；这一次患者心脏受到攻击也非常厉害，分析这些患者心脏肌酐蛋白有是增高比例非常高，这一类病人救治起来难度比以前要大。http://t.cn/A6hbB8DI收起全文d
","

2020年02月13日21:26

??来自微博weibo.com"
南都周刊,"
【#聚餐后不适也强忍一家七口全中招#】今天，北京新冠肺炎疫情防控工作新闻发布会上通报了一起因聚餐导致全家感染的案例。这家人与亲戚聚餐一周后被告知亲戚确诊新冠肺炎，但他们并不在意，仍正常上班走动。家中有人发病不适，也忍着不去医院，直到孩子病了才着急，相继去了医院，一家七口全中招。转发提醒！身体不适请第一时间就医，并主动说明可疑接触情况，不要侥幸！（央视新闻）http://t.cn/A6hbCl2F收起全文d
","

2020年02月13日21:06

??来自iPhone11"
战鹰gavin50,"
#武汉感染人数未摸清#【童朝晖：#新冠肺炎比SARS病情进展快#】北京朝阳医院副院长童朝晖表示：新冠肺炎患者出现的是严重的呼吸衰竭，与03年的SARS相比，病情进展得更快，缺氧发展得很明显；此外，这次患者心脏受到的攻击非常厉害，救治起来的难度比以前要大。因此，我们提出要密切观察这类患者的生命体征，比如心率、血压、血氧的变化。全网一起探讨，拿出科学精神！科学探讨，新冠肺炎病人最可能因何死亡？收起全文d
","

2020年02月13日21:59

??来自502赞502iPhone6s"
红星视频,"
#专家解释为何加入临床诊断病例#【湖北确诊人数激增万人红星专访专家组成员释疑为何加入”临床诊断病例”】13日早上，湖北省通报，2月12日0时-24时，湖北省新增新冠肺炎病例14840例(含临床诊断病例13332例)，确诊数据增幅较大引发广泛关注。关于数据增加的原因，湖北省卫健委表示，是因为从即日起将临床诊断病例数纳入确诊病例数进行公布。什么叫”临床诊断病例“？为何纳入新增病例数据？湖北省新型冠状病毒肺炎专家组成员、武汉中南医院呼吸与危重症医学科主任程真顺接受了红星新闻的专访。@成都商报http://t.cn/A6hbn9kO收起全文d
","

2020年02月13日21:09

??来自微博weibo.com"
中国新闻网,"
#关注新冠肺炎#【北京市又有12例新冠肺炎患者出院】13日下午，北京市召开第十九场疫情防控新闻发布会。北京市卫健委二级巡视员、新闻发言人高小俊介绍，北京市又有12例新冠肺炎患者，经过医护人员精心治疗后，符合出院标准，于2月12日出院。2月12日0时至24时，本市新增14例新冠肺炎确诊病例。截至2月12日24时，北京市累计确诊病例366例。（陈杭上官云）收起全文d
","

2020年02月13日16:10

??来自微博weibo.com"
小小女子看风云,"
#童朝晖新冠肺炎比SARS病情进展快#中医养生肺炎预防的方法，很值得推荐！希望所有的国人都能健康平安！L小小女子看风云的微博视频??","

2020年02月13日22:31

??来自iPhone客户端"
健康苏州,"
#抗击新型肺炎第一线#【这组“湿身照”，让人泪目！】今天，一组来自苏州市第五人民医院的照片感动了许多人。作为本次新冠肺炎的定点治疗机构，这里的医护工作者承受着巨大的压力，长时间的奔波工作令他们的防护服每每被汗水浸的湿透，戴了一天的护目镜起了水雾，脸上也印出了深深的压痕……致敬，这些最美丽的人们！@健康江苏@健康中国@人民日报@央视新闻@光明日报@中国青年报http://t.cn/A6hbF521收起全文d
","

2020年02月13日22:02

??来自专业版微博"
新京报,"
【广东专家：新冠病毒#3万多个碱基中只发现了5个碱基突#】2月13日下午，广东省举行新冠肺炎疫情最新情况发布会。呼吸疾病国家重点实验室副主任赵金存介绍了病毒变异的研究情况。他说，目前新冠病毒3万多个碱基中只发现了5个碱基突变。#新型冠状病毒#赵金存说，我国研究人员分离出了多株新冠病毒，并进行了病毒的分离培养。“不同的病人分离出的病毒，和武汉分离的第一株病毒比，还是有变化的。但对RNA病毒，新冠病毒有3万多个碱基。有5个碱基和原始病毒是有差异的这5个碱基的突变，对于3万个碱基来说，只占很小的一部分。”赵金存说，后期会严密监控病毒变异情况，如果变异大或对用药有影响，会立即向国家汇报。http://t.cn/A6h4mAQF收起全文d
","

2020年02月13日15:40

??来自微博weibo.com"
河南省卫生健康委,"
【河南版“小汤山”医院正式命名郑州岐伯山医院渊源在这里】网友关注已久的河南版“小汤山”医院名字定了，叫郑州岐伯山医院。2月12日，省卫生健康委同意郑州市第一人民医院增挂“郑州岐伯山医院”作为第二名称的批复，该院将尽快投入新冠肺炎疫情救治工作。2月13日上午，由郑州市第一人民医院162名医护人员及郑州市二院、市三院、市中心医院、市中医院、市骨科医院、市七院、市九院、市妇幼保健院等8家医院抽调的64名医护人员组成的226人团队入驻歧伯山医院，进行最后的整理工作。据了解，该院是在郑州市第一人民医院港区医院原址上，改造扩建的新型冠状病毒感染的肺炎患者定点救治医院，分为确诊病房住院、接诊观察、医技综合、生活保障四大功能区。根据安排，首批进驻郑州岐伯山医院的医疗队成员将从今天起在驻地开展为期三天的培训。2月16日，郑州岐伯山医院将正式开诊接收新冠肺炎确诊患者。相传岐伯是上古神医，曾在中原遍尝百草，救死扶伤；轩辕黄帝拜岐伯为天师，精研医术，二人谈医论道之内容后成中医经典《黄帝内经》。故中医术又称为岐黄之术，中医从业者又称为“岐黄传人”。因此，河南版“小汤山”医院最终以郑州岐伯山医院来命名也就不难理解了。收起全文d
","

2020年02月13日18:36

??来自专业版微博"
看看新闻KNEWS,"
【钟南山、李兰娟院士团队从新冠肺炎患者粪便中分离出活病毒】钟南山、李兰娟院士团队近日分别从新冠肺炎患者的粪便样本中分离出新型冠状病毒，这一发现证实了排出的粪便中的确存在活病毒，对于准确认识疾病的治病传播机理，帮助全社会有针对性地做好防控，切断疫情传播途径具有重要意义。尽管目前还没有充分的证据说明存在粪口传播，但大家一定要勤洗手、注意个人卫生。国家卫健委新闻发言人米锋表示，发热、乏力、干咳仍然是最主要的临床表现，粪便中分离到病毒并不意味主要传播途径发生变化。（新华视点、人民网）收起全文d
","

2020年02月13日18:20

??来自微博weibo.com"
中国新闻网,"
#关注新冠肺炎#【市场监管总局：#坚决取缔和严厉打击野生动物交易#】2月13日，市场监管总局召开党组扩大会议要求，要坚决取缔和严厉打击野生动物交易，从源头上控制风险。加大对口罩等防控物资和肉蛋奶、米面油、蔬菜等居民生活必需品的价格监管力度，全力维护市场价格秩序。进一步加快药品、医疗器械等应急审批，全力支持疫情防控有效药品、疫苗研发。加大监管执法力度，坚决打击制售假冒伪劣口罩、防护服等违法行为，确保产品质量安全。（彭婧如）收起全文d
","

2020年02月13日21:32

??来自搜狗高速浏览器"
世面,"
【#邮轮惊悚小说作者被困邮轮#】2月13日，“钻石公主”号邮轮已在海上被隔离9日，美畅销小说家盖伊??考特尔也在3711名被隔离人员之中，其19年新作《盒子里的女孩》正是讲述邮轮上的医疗谋杀案。考特尔认为日本政府让易感人群下船证明了现行隔离政策是无效的，所有人都应有离开邮轮的机会。#聚焦新冠肺炎疫情#??@新京报我们视频http://t.cn/A6hbGnMp收起全文d
","

2020年02月13日18:19

??来自微博weibo.com"
陈秋欤,"
夫妻之间的爱情与年轻人的不同，也许浪漫会少一点，但那份可以依靠的安全感却是无法替代的。临近情人节，送一份涵盖了新冠肺炎、普通医疗、恶性肿瘤的医疗保障，在这样的非常时期，不仅不会跪搓衣板，还能获得一个吻O网页链接??","

2020年02月13日22:50

??来自微博weibo.com"
参考消息,"
【世卫组织呼吁共抗新冠“全球公敌”】境外媒体称，世界卫生组织2月11日强调，通过采取有依据的合理干预措施，可以遏制住新冠肺炎疫情。与此同时，世卫组织的专家与中国科学家联手，以加强应对新冠肺炎疫情，并对疫情进行深入分析研究。O世卫组织呼吁共抗新冠“全球公敌”??","

2020年02月13日21:50

??来自微博weibo.com"
新浪视频,"
【为“蹭吃蹭住”竟谎称从武汉返回，男子隔离14天后被拘】就在全国各地加强新冠肺炎疫情防控的时候，男子高某竟然为了找一个免费吃住的地方谎称从武汉回来。高某如愿以偿被隔离14天，但期间青岛黄岛警方及政府相关部门一直没有查到高某到过武汉的轨迹。2月10日，高某在隔离结束后承认其谎称从武汉返回人员的违法事实，因涉嫌虚构事实扰乱公共秩序被依法行政拘留。L半岛V视的微博视频收起全文d
","

2020年02月13日20:04

??来自iPhone客户端"
浙江日报,"
【为送别驰援湖北的妻子，作为警察的他第一次向妻子敬礼】2月13日，浙江湖州德清县派出8名医护人员参加浙江支援湖北抗击新冠肺炎紧急医疗队，警属高平平就是德清医疗小组中的一名逆行者。身为警察的丈夫王利强专门赶来为妻子送行，他郑重地向妻子敬了一个礼，这是他第一次向妻子敬礼，把所有的爱跟想说的话都融进了这个敬礼中。L浙视频的秒拍视频收起全文d
","

2020年02月13日22:43

??来自微博weibo.com"
中国新闻周刊,"
【中央：#促进中医药深度介入诊疗#】#周刊君与你共同战疫#2月13日召开的中央应对新冠肺炎疫情工作领导小组会议要求：强化中西医结合，促进中医药深度介入诊疗全过程，#及时推广有效方药和中成药#。加快药物临床试验，有效的要抓紧向救治一线投放，提高治愈率、降低病亡率。????????（新华社）??????","

2020年02月13日22:40

"
人民网,"
【国务院扶贫开发领导小组：坚持如期全面完成脱贫攻坚任务不动摇】#决战2020#近日，国务院扶贫开发领导小组印发通知，强调要做好新冠肺炎疫情防控期间脱贫攻坚工作，坚决打赢疫情防控阻击战和脱贫攻坚战。要坚定信心决心，坚持如期全面完成脱贫攻坚任务不动摇，工作总体安排部署不能变，决不能有缓一缓、等一等的思想。要努力克服疫情对脱贫攻坚的影响，实施分类施策，采取更有针对性的措施。做好脱贫攻坚挂牌督战，抓紧完成剩余脱贫任务，建立防止返贫监测和帮扶机制，加强易地扶贫搬迁后续帮扶工作。@新华视点收起全文d
","

2020年02月13日18:59

??来自微博weibo.com"
热门资讯第一线,"
#童朝晖新冠肺炎比SARS病情进展快#北京朝阳医院副院长童朝晖表示：新冠肺炎患者出现的是严重的呼吸衰竭，与03年的SARS相比，病情进展得更快，缺氧发展得很明显；此外，这次患者心脏受到的攻击非常厉害，救治起来的难度比以前要大。因此，我们提出要密切观察这类患者的生命体征，比如心率、血压、血氧的变化。L热门资讯第一线的微博视频收起全文d
","

2020年02月13日22:01

??来自iPhoneXSMax"
台湾那点事儿,"
东森新闻台刘宝杰主持的《关键时刻》已经成为台湾最大的，针对中国大陆新冠肺炎疫情的谣言工厂。造一百万个尸袋，给你全家用吗？刘宝杰！??","

2020年02月13日21:11

??来自岛主的Android"
帝吧官微,"
佛系抗疫的结果：新加坡确诊人数增加至58例。目前新加坡疾病爆发应对系统警戒程度由黄色提升至橙色，相对于新加坡570万的人口，58例新冠病毒肺炎感染病例应该要引起更高的重视了。#新加坡确诊病例增至58例##抗疫行动#??","

2020年02月13日21:29

??来自中华有为Android"
中国新闻周刊,"
【北京一聚集性疫情：#一家7口不在意亲戚确诊全部感染#】#周刊君与你共同战疫#13日，北京市新冠肺炎疫情防控工作新闻发布会通报了一起聚集性疫情案例。一家人在聚餐8天后被亲戚告知确诊患病，却完全不当回事，仍然正常上班、逛超市……家里有人发病仍忍着不去医院。直到几天后孩子和大人相继发病，去医院接受疾控人员调查时才说出与确诊病例一起吃过饭的情况。但为时已晚，一家7口人全部“中招”。（北京日报）L北京日报都视频的微博视频收起全文d
","

2020年02月13日18:45

"
21世纪经济报道,"
【中央：#促进中医药深度介入诊疗#】2月13日召开的中央应对新冠肺炎疫情工作领导小组会议要求：强化中西医结合，促进中医药深度介入诊疗全过程，#及时推广有效方药和中成药#。加快药物临床试验，有效的要抓紧向救治一线投放，提高治愈率、降低病亡率。????????（新华社）??????","

2020年02月13日22:46

??来自iPhone客户端"
小央视频,"
#将战疫进行到底#【日本驻华大使：日本将全力支持雪中送炭的中国朋友抗“疫”】近日，日本驻华大使横井裕用中文录制视频为中国和武汉抗击疫情加油。横井裕说，中国是一衣带水的邻国，也是雪中送炭的朋友，日本将全力支持和帮助中国抗击疫情。#滚蛋吧新冠肺炎#L小央视频的秒拍视频??","

2020年02月13日19:34

??来自微博weibo.com"
南方人物周刊,"
#阻击NCP#【童朝晖：#患者与SARS相比病情进展更快#】北京朝阳医院副院长童朝晖表示：新冠肺炎患者出现的是严重的呼吸衰竭，与03年的SARS相比，病情进展得更快，缺氧发展得很明显；此外，这次患者心脏受到的攻击非常厉害，救治起来的难度比以前要大。因此，我们提出要密切观察这类患者的生命体征，比如心率、血压、血氧的变化。L人民日报的微博视频收起全文d
","

2020年02月13日21:39

??来自iPhone客户端"
CGTN,"
【#日本出现首例新冠肺炎死亡病例#】JapanonThursdayreporteditsfirstdeathduetocoronavirus.An80-year-oldfemalefromKanagawaPrefecturediedofcoronavirusinfection.??","

2020年02月13日21:38

??来自专业版微博"
拍者Partner,"
【#确诊病例社区防疫人员日常#：洗上百次手洗到发白】李俊是江苏淮安一小区物业工作人员，其小区中有一例新冠肺炎确诊病例。因小区出现新冠肺炎确诊患者，小区的检查十分严格。因为要实施严格的管控，他们每天都会非常忙，每天都会洗上百次手，因为洗手次数太多，手已经发白。#聚焦新冠肺炎疫情#@新京报我们视频L新京报我们视频的秒拍视频收起全文d
","

2020年02月13日22:28

"
衡阳社,"
#衡阳新型肺炎疫情播报#据@衡阳县微博，2月12日，在衡阳县西渡镇清花湾无公害蔬菜种植基地，志愿者与村民将捐赠给湖北的蔬菜装车。为支援湖北抗击新冠肺炎疫情，湖南省衡阳县清花湾无公害蔬菜种植合作社决定向湖北捐赠60吨新鲜蔬菜。在西渡镇志愿者和菜农的努力下，第一批30吨蔬菜于2月12装车起运。L衡阳县微博的微博视频收起全文d
","

2020年02月13日20:02

??来自西渡网红的Android"
每日经济新闻,"
每经整点播【每经21点丨湖北大悟县将实施战时管制；黄冈管控升级，所有小区一律全封闭管理；日本出现首例新冠肺炎死亡病例；#专家表示后期不能麻痹大意#】1、【#黄冈全面升级管控措施#：所有小区一律实行全封闭管理，生活必需品统一配送】据黄冈发布，市疫情防控指挥部决定从即日起，在全市范围全面升级管控措施。所有小区（居民点）一律实行全封闭管理。除医护人员、抗疫工作人员和水电油气、通讯网络、粮食蔬菜、医药物资等基本民生保障从业人员之外，其他居民一律不得擅自进出小区（居民点）。2、【专家：新冠病毒传染性极强，后期千万不能麻痹大意】广州市第八人民医院感染病中心主任蔡卫平下午接受中国日报记者采访时表示，新冠病毒传染性极强，比17年前的SARS传染性强太多。“初期大家防范都崩得紧紧的，防控上面不会出很大问题。但是到了后期，大家的麻痹情绪一出来，一不小心可能就会被传染上这个病毒。不能说早期的病人传染性强，后期的传染性就不强。感觉这次的病毒传染，不知道比SARS强多少倍。”广州市第八人民医院是当年SARS定点收治医院，据蔡卫平主任介绍，当年医护人员戴着面纱口罩，感染的病例也就十几例。“要是放在今天，只是戴着口罩进去，整个病区的人都有可能感染。”O每经21点丨湖北大悟县将实施战时管制；黄冈管控升级，所有小区一律全封闭管理；日本出现首例新冠肺炎死亡病例O每经21点丨黄冈全面升级管控措施：所有小区一律实行全封闭管理收起全文d
","

2020年02月13日21:07

??来自微博weibo.com"
费翔微吧,"
费翔【费腾羽翔】当前全国最为紧迫的事就是全民万众一心，众志成城抗击新冠肺炎，下面是网友“家有兜妞”实拍武汉客厅方仓医院的实况，所有患者在医生、护士的带领下欢快的跳着广场舞，背景音乐是费翔《冬天里的一把火》，在欢快的乐曲和费翔迷人的歌声中所有的人尽情释放着压抑的心情，一时间大家抛弃病弱的身体，欢快地跳着，笑着！相信良好的心态一定会有助于疾病康复，人类是不可战胜的生物，全国人民只要团结一心，可怕的疫情一定会被我们打败，祝大家早日康复，武汉加油！中国加油！L费翔微吧的微博视频收起全文d
","

2020年02月13日21:20

??来自费翔超话"
下午茶2599,"
“疫情就是命令，防控就是责任。”从2003年的“非典”到如今肆虐全国的“新冠肺炎”，一批又一批白衣天使从全国各地义无反顾奔赴疫区的壮举牵动着华夏儿女的心，耄耋之年的#钟南山#院士在镜头前的一声哽咽更是让无数炎黄子孙为之动容。面对这场没有硝烟的战争，广大医护工作者在祖国和人民最需要的时候毅然选择逆行，战斗在阻击疫情第一线，#昨天解除隔离今天就奔赴一线#默默守护着人民的生命安全。#疫情防控同时要保证正常医疗服务#“同样的战场没有炮火，同样的逆行感动中国！”#抗击疫情山西在行动#近日，山西省文艺工作者创作的歌曲《你的泪花》，唱响了疫情之下人民群众对以钟南山院士为代表的广大医护工作者大爱大义的赞美之歌，#致敬疫情前线最美逆行者#。L下午茶2599的微博视频收起全文d
","

2020年02月13日17:29

??来自HUAWEIP20Pro"
每日经济新闻,"
每经整点播【每经22点丨专家：新冠肺炎比SARS病情进展更快；金银潭医院院长张定宇：患者康复后体内含抗体，#恳请康复患者捐献血浆#】1、【专家：新冠肺炎患者与SARS相比病情进展更快】北京朝阳医院副院长童朝晖表示：新冠肺炎患者出现的是严重的呼吸衰竭，与03年的SARS相比，病情进展得更快，缺氧发展得很明显；此外，这次患者心脏受到的攻击非常厉害，救治起来的难度比以前要大。因此，我们提出要密切观察这类患者的生命体征，比如心率、血压、血氧的变化。2、【金银潭医院院长张定宇：患者康复后体内含抗体，恳请康复患者捐献血浆】在13日晚的湖北省新闻发布会上，武汉市金银潭医院院长张定宇表示，患者康复后体内含有大量综合抗体，能够对抗病毒，也恳请康复后的患者积极来到金银潭医院，伸出你的胳膊，捐献你宝贵的血浆，共同救治还在与病魔作斗争的病人。O每经22点丨专家：新冠肺炎比SARS病情进展更快；重症病人血液和粪便中也发现病毒，或出现其他传播途径O每经22点丨专家：新冠肺炎比SARS病情进展更快收起全文d
","

2020年02月13日22:08

??来自微博weibo.com"
光明日报,"
#武汉闯关日记#【武汉金银潭医院院长#张定宇恳请康复患者捐赠血浆#】2月13日，在湖北召开的新冠肺炎疫情防控工作第23场新闻发布会上，武汉金银潭医院院长张定宇表示，患者康复后体内含有大量综合抗体，能够对抗病毒，恳请康复后的患者积极来到金银潭医院，伸出胳膊，捐献宝贵的血浆，共同救治还在与病魔作斗争的病人。（光明日报全媒体记者武汉一线报道组）收起全文d
","

2020年02月13日21:59

??来自微博weibo.com"
天津发布,"
#津日疫情播报#【2月13日6时至15时天津新增4例新冠肺炎确诊病例累计确诊病例117例】从市疾控中心获悉，2月13日6时至15时，天津新增新冠肺炎确诊病例4例，累计确诊病例117例。　　第114例患者，女，57岁，居住于天津市南开区王顶堤街，无武汉旅行或工作史。该患者1月12日到呼和浩特参加其姑姑葬礼；20日乘机抵天津滨海国际机场，其女儿（第115例确诊病例）接机，同乘地铁2号、6号线返家；2月5日，陪同有发热、咽干症状的女儿到王顶堤医院急诊就诊；8日患者也出现发热症状，自行服药后退热；11日再次陪同女儿到南开区园荫里社区卫生服务站就诊；12日到市第一中心医院发热门诊就诊，诊断为疑似病例，被收入隔离病房留观治疗；13日核酸检测结果为阳性，经市专家组确诊为我市第114例确诊病例，分型为普通型。目前正转往海河医院，其可能的感染来源正在进一步调查，对已判定的密切接触者进行隔离医学观察，其他密切接触者正在排查中。　　第115例患者，女，28岁，居住于天津市南开区王顶堤街，无武汉旅行或工作史。该患者1月20日乘地铁2号、6号线到天津滨海国际机场接机，与其母亲（第114例确诊病例）同乘地铁返家；2月5日出现发热、咽干症状，由其母亲陪同到王顶堤医院急诊就诊；9日下午再次发热，10日上午到王顶堤医院急诊开药；11日仍发热，由其母亲陪同到南开区园荫里社区卫生服务站就诊；12日到市第一中心医院发热门诊就诊，诊断为疑似病例，被收入隔离病房留观治疗；13日核酸检测结果为阳性，经市专家组确诊为我市第115例确诊病例，分型为普通型。目前正转往海河医院，其可能的感染来源正在进一步调查，对已判定的密切接触者进行隔离医学观察，其他密切接触者正在排查中。　　第116例患者，男，42岁，居住于天津市河东区大王庄街，系第95例确诊病例的弟弟，为密切接触者，无武汉旅行或工作史。该患者2月10日16时30分被转送至河东区集中隔离点（自述咳嗽未进入隔离点），随后由120急救转至市第三中心医院发热门诊就诊，诊断为疑似病例，被收入隔离病房留观治疗；10日核酸检测结果为阴性，13日核酸检测结果为阳性，经市专家组确诊为我市第116例确诊病例，分型为普通型。目前正转往海河医院，对已判定的密切接触者进行隔离医学观察，其他密切接触者正在排查中。　　第117例，男，64岁，现居于天津市宝坻区林亭口镇，无武汉旅行或工作史，无宝坻区百货大楼购物或逗留史，系第107例确诊病例和第93例确诊病例密切接触者（曾于1月25日在第93例确诊病例家中打麻将）。该患者2月11日发热，到宝坻区人民医院发热门诊就诊，诊断为疑似病例，被收入隔离病房留观治疗；13日核酸检测结果为阳性，经市专家组确诊为我市第117例确诊病例，分型为普通型。目前正转往海河医院，对已判定的密切接触者进行隔离医学观察，其他密切接触者正在排查中。收起全文d
","

2020年02月13日16:05

??来自微博weibo.com"
中国新闻网,"
【60岁以上有重度肺炎男性感染者病死率高？专家：一篇文章不具普遍意义】#关注新冠肺炎#13日，湖北省新型冠状病毒肺炎疫情防控工作指挥部召开新闻发布会。对于有数据显示60岁以上有重度肺炎的男性感染者是高危人群的问题，广州医科大学附属第一医院副院长张挪富表示，一篇文章得出病死率不具备普遍性意义。病人发病时间、就诊时间、治疗场所、医务团队技术力量等多方面因素都有影响。60岁以上、有重度肺炎、又是高危人群里，在这个人群里有百分之九点多的死亡率是不奇怪的。钟院士团队有一篇文章是对一千多例（病例）的总结，符合这三种条件有30多人，这些人的病死率可能更高。一篇文章得出一个数据，对整体病死率没指导或者参考意义。（张尼）收起全文d
","

2020年02月13日21:42

??来自搜狗高速浏览器"
中新经纬,"
【总怀疑自己得了新冠肺炎？这真的可能是心理作用】你总觉得自己发烧，想着想着可能就真发烧，你总觉得喉咙痒，过两天可能就真的咳嗽…清华大学心理学系系主任彭凯平为你解读，这真的可能是心理作用，反之，心理干预也对疫情发展有影响作用！你有过度焦虑吗？L中新经纬的微博视频??","

2020年02月13日22:07

"
长安皖韵,"
【好消息！#火神山医院首批7名患者治愈出院#】刚刚，首批7名患者战胜新冠肺炎，治愈出院。最大年纪66岁，最小年纪33岁，其中包括重症患者。一名患者开心的挥手喊道，“回家了回家了”。自2月4日接收首批患者以来，火神山医院已收治超过1000名新冠肺炎确诊患者。#直击武汉防控一线#，期待还有更多好消息传来！L封面新闻视频的秒拍视频#火神山医院为80岁患者庆生#收起全文d
","

2020年02月13日21:46

??来自iPhone客户端"
日_推,"
TV动画『A3!』因制作和新冠肺炎等影响、第4话之后将调整延期至4月后播出??","

2020年02月13日21:39

??来自微博weibo.com"
画室作品精选,"
每个所谓成功的画家，实际也是发现自我的画家。——刘寿祥愿天堂没有病痛。#水彩画家刘寿祥因新冠肺炎去世#??","

2020年02月13日22:26

??来自360安全浏览器"
中国经营报,"
【2019年中国致死人数最多的十种#传染病#，你知道是哪些么？】截止2020年2月10日24时，#新冠肺炎#的累计死亡病例已超过1000人，如果与去年全年的各类传染病相比较的话，该病的死亡人数将进入年度前三。根据国家疾病预防控制局的数据，2019年全年导致死亡人数最多的传染病依然是#艾滋病#，究竟还有哪些疾病在过去的一年中严重威胁着中国人的健康呢？点击视频查看详细榜单。L数据调查局的微博视频收起全文d
","

2020年02月13日16:20

??来自微博weibo.com"
成都商报,"
【童朝晖：#新冠肺炎比SARS病情进展快#】北京朝阳医院副院长童朝晖表示：新冠肺炎患者出现的是严重的呼吸衰竭，与03年的SARS相比，病情进展得更快，缺氧发展得很明显；此外，这次患者心脏受到的攻击非常厉害，救治起来的难度比以前要大。因此，我们提出要密切观察这类患者的生命体征，比如心率、血压、血氧的变化。@人民日报L人民日报的微博视频收起全文d
","

2020年02月13日21:38

??来自微博weibo.com"
中国新闻网,"
#关注新冠肺炎#【北京卫健委：儿童发热应就近就诊】针对疫情期间儿童就诊问题，北京市卫健委二级巡视员、新闻发言人高小俊13日表示，北京已公布62家关于儿童发热医疗机构名单。市民可在卫健委官方网站，点击防控信息查看防控工作栏目，或通过“健康北京”微信公众号查看。他提示，如果儿童发热，首先应该就近到具有诊疗能力的医院就诊；同时尽量提前联系预约门诊号，按时到达，减少患儿家长在医院停留时间；全程做好防护，配合医生进行诊疗，尽量不触摸公共设施，不用手揉眼鼻口，离开医院后及时洗手。（陈杭宋宇晟）收起全文d
","

2020年02月13日16:32

??来自微博weibo.com"
永州发布,"
#快告诉亲人##防控肺炎疫情我们在一起##同江同湖同舟共济#【永州市又有5例新冠肺炎患者治愈出院】2月13日下午4时，永州市中心医院又增5例新冠肺炎确诊病例治愈出院。5名确诊患者经救治后，恢复良好，符合出院标准。据悉，截至2月13日，永州市共有23名新冠肺炎确诊患者治愈出院。据了解，本次治愈出院的5名患者，其中男性1名，女性4名，均为湖南永州人，确诊为新冠肺炎患者后，经抗炎、抗病毒、对症支持治疗，并加强心理疏导，密切监测生命体征，患者体温恢复正常3天以上，呼吸道症状消失，间隔一天连续两次呼吸道病原核酸检测阴性，按照新冠肺炎诊疗方案（试行第五版）标准，达到解除隔离出院标准，于2月13日正式出院。收起全文d
","

2020年02月13日22:48

??来自专业版微博"
福布斯中文网,"
【#2019年中国致死人数最多的传染病#，你知道是哪些么？】截止2020年2月10日24时，#新冠肺炎#的累计死亡病例已超过1000人，如果与去年全年的各类传染病相比较的话，该病的死亡人数将进入年度前三。根据国家疾病预防控制局的数据，2019年全年导致死亡人数最多的传染病依然是艾滋病，究竟还有哪些疾病在过去的一年中严重威胁着中国人的健康呢？L数据调查局的微博视频收起全文d
","

2020年02月13日17:29

"
法治日报,"
#抗击新冠肺炎#【人社部出台系列惠企政策获赞专家建议探索建立社会化补偿制度】为缓解新冠肺炎疫情对企业生产经营活动产生的影响，近期，各地人社部门通过实施援企稳岗、延缴缓缴社会保险费、重点扶持疫情防控企业等举措，出台系列惠企惠民政策，稳定企业发展。西南政法大学教授李雄在接受记者采访时，对这些举措予以认可。此前，他就向重庆市政府、人社部等提出过建议，认为应植入社会连带责任与政府责任理念，探索建立健全社会化补偿制度和机制。目前他很高兴地看到其中很多建议已然落地。业内专家认为，从目前看，失业保险基金总体运行平稳，有能力利用结余基金返还的方式来为企业减负。全媒体记者张维O人社部出台系列惠企政策获赞专家建议探索建立社会化补偿制度收起全文d
","

2020年02月13日21:56

??来自微博weibo.com"
凤凰卫视,"
【英专家:穿山甲或非宿主疫苗有标准】在多名英国人感染新冠病毒以后，英国当局再次加大对新冠肺炎的排查力度。本台记者对英国病毒学专家进行了专访，专家认为，现在国际上关于新冠肺炎及疫苗有很多不实观点，穿山甲是否为新冠病毒的中间宿主仍没有答案。同时也对中国科学家能快速对病毒进行基因测序表示肯定。#抗击新冠肺炎#（凤凰卫视徐量、张盾伦敦报道）收起全文d
","

2020年02月13日16:00

??来自微博weibo.com"
直播南京官方版,"
【江苏人免票，有效期1年！感谢黄石????】关于仙岛湖天空之城景区对江苏市民及全国医务工作者实施免票政策的公告为阻止新冠肺炎疫情的蔓延，坚决打赢疫情防控阻击战。全国医务工作者们不畏艰难，用医者仁心的情怀为全国人民筑起一道生命安全的防线。为表达对江苏医疗队临危受命、驰援黄石的感激与对全国医护人员的崇高敬意，仙岛湖天空之城景区特别推出免票入园政策，具体公告如下：免票时间：景区恢复运营之日起一年内有效免票人群：江苏市民（凭身份证入园）、全国医务工作者（凭资格证入园）免票票种：景区239元A套票（含上下行索道+景区大门票）参与方式：关注仙岛湖天空之城微信公众号“520天空之城”及“仙岛湖天空之城”，我们将在景区恢复运营后第一时间发布具体的入园方式。咨询电话:0714-7687788特此通知！湖北天空之城旅游开发有限公司2020年2月12日同心战疫共待花期。你们守护生命，我们用心回馈！等我痊愈邀您赴约！黄石加油！湖北加油！(@南京发布@黄石发布)#共同抗疫##众志成城战疫情##江苏黄石在一起的第N天##江苏在行动#收起全文d
","

2020年02月13日22:07

??来自Android"
中国新闻周刊,"
【边建设边收治，#雷神山医院收治第三批患者35人#】#周刊君与你共同战疫#尚未完工的武汉雷神山医院采取边建设边收治患者的方法，加快建设的雷神山医院2月12日第3次开舱收治了35位新冠肺炎，使该院收治患者总人数达到125人。2月13日晚，医院预计将再收治50名以上患者，有效床位利用率达100%。为了安抚患者的焦虑情绪，医护人员采取多种方法，帮助他们安心配合治疗。（红星新闻）O网页链接收起全文d
","

2020年02月13日21:55

"
文明开封,"
#疫情防控开封在行动##开封战疫#武汉方舱医院投入使用以来，由于主要接收新冠肺炎的轻症患者，所以病患每天在方舱医院内的活动和生活都备受社会关注。通过这支vlog看看方舱医院医护、病人间不平常的日常↓↓↓@央视新闻L央视新闻的微博视频??","

2020年02月13日22:22

??来自微博weibo.com"
台州发布,"
【台州市红十字会接受使用防控“新冠肺炎”疫情捐赠款物情况公示（四）】截至2020年2月12日24时，台州市红十字会本级累计接受防控“新冠肺炎”疫情捐赠款物6653608.27元，其中资金2431248.45元，物资价值4222359.82元。根据市防控指挥部第4号通告规定，现将2月10日至2月12日24时接受使用捐赠款物情况公示如下：一、捐款接受使用情况2月10日至2月12日24时，市红十字会本级通过银行、支付宝、微信等渠道接受防控“新冠肺炎”疫情捐款共计108110.00元，其中定向捐款均已按照捐赠者意愿拨付到相关地方和单位，其余捐款由市新型冠状病毒感染的肺炎疫情防控指挥部统一调配使用。具体情况见配图。二、捐赠物资接受使用情况2月10日至2月12日24时，市红十字会本级接受捐赠物资价值共计2715681.73元，已拨捐赠物资价值2715681.73元。具体情况见配图。收起全文d
","

2020年02月13日21:46

??来自HUAWEIP30"
央视财经,"
【中央应对新冠肺炎疫情工作领导小组：孝感黄冈等地要采取和武汉同等的隔离救治措施】13日，中共中央政治局常委、国务院总理、中央应对新冠肺炎疫情工作领导小组组长李克强主持召开领导小组会议。中共中央政治局常委、中央应对新冠肺炎疫情工作领导小组副组长王沪宁出席。会议指出，要贯彻落实习近平总书记重要讲话和中央政治局常委会会议精神，按照中央应对疫情工作领导小组部署，突出重点、统筹兼顾，分类指导、分区施策，坚决打赢疫情防控的人民战争、总体战、阻击战，努力实现今年经济社会发展目标任务。会议指出，要继续把湖北省特别是武汉市作为疫情防控的重中之重。武汉市要对“四类人员”加速分类集中收治或隔离；孝感、黄冈等地要采取和武汉同等的隔离救治措施。湖北和武汉要进一步强化离汉离鄂通道管控，切实做到内防扩散、外防输出。会议指出，通过错峰等措施今年不会出现往年那样的返程高峰。各地要继续抓好群防群控。各省负责对本省各市县根据疫情合理分类，制定差异化精准防控策略，视疫情有序恢复生产生活秩序。有效药物和救治是战胜疫情的关键环节。要总结近6000例治愈病例，完善诊疗方案。更有针对性防止轻症转为重症和开展重症患者救治，抓紧投放临床有效药物，提高治愈率、降低病亡率。会议指出，国务院联防联控机制要继续协调做好疫情防控物力人力保障。要在以习近平同志为核心的党中央坚强领导下，把防控工作抓实抓细抓落地，统筹做好疫情防控和经济社会发展工作。领导小组成员丁薛祥、黄坤明、蔡奇、肖捷、赵克志参加。收起全文d
","

2020年02月13日19:34

??来自微博weibo.com"
梅花冷人,"
我之前还以为湖南新冠肺炎治愈率高，是湘雅的功劳。实际不是的，全国单城治愈率最高的十城中有五个是湖南的，但长沙的治愈率只有28%不到，全湖南垫底。湘雅确实是在反中医上是比较有名的，湘雅我记得有明文规定不用中药的，所以新冠一役，到目前为止，长沙作为省会，表现远不如其它湖南城市。??","

2020年02月13日22:37

??来自HUAWEIP30"
天涯社区,"
【北京一聚集性疫情：#一家7口不在意亲戚确诊全部感染#】13日，北京市新冠肺炎疫情防控工作新闻发布会通报了一起聚集性疫情案例。一家人在聚餐8天后被亲戚告知确诊患病，却完全不当回事，仍然正常上班、逛超市……家里有人发病仍忍着不去医院。直到几天后孩子和大人相继发病，去医院接受疾控人员调查时才说出与确诊病例一起吃过饭的情况。但为时已晚，一家7口人全部“中招”。L北京日报都视频的微博视频收起全文d
","

2020年02月13日18:02

"
参考消息,"
【外交部：疫情无情人有情】意大利那不勒斯青年人发起“拥抱中国人”的快闪活动，东京街头身穿中国旗袍的日本女孩号召民众为武汉捐款，英国中学生合唱中文歌曲《让世界充满爱》......新冠肺炎疫情发生以来，很多国家的民众特别是青少年通过自发的举动呼唤良知与正义，抵制偏见与不公，传递信心与力量，对中国人民的抗疫斗争给予道义上的声援和精神上的支持。外交部发言人耿爽13日就此表示，疫情无情人有情，患难时刻见真情。我们坚信，真善终将克服隔膜，关爱终将战胜恐慌，在世界人民的理解支持之下，中国人民一定能够取得抗击疫情的最终胜利。（记者朱超）（@新华视点）收起全文d
","

2020年02月13日16:03

??来自微博weibo.com"
科工力量,"
【独家丨#俄罗斯又一新冠肺炎中国患者出院#：回顾18天治愈历程】当地时间2月12日，在俄罗斯确诊的新冠肺炎中国患者万赟彬治愈出院，此前一天，另一名患者也已治愈出院，目前全俄境内新冠肺炎感染者人数归零。2月12日，澎湃新闻从万赟彬处获悉，他已收到医院的出院通知，并于晚些时候返回了位于俄罗斯赤塔市的家中。L澎湃新闻的微博视频收起全文d
","

2020年02月13日15:00

??来自深度报道·视频社区"
奏耐天津,"
#天津爆料#【2月13日15时至18时天津无新增新冠肺炎确诊病例】从市疾控中心获悉，2月13日15时至18时，本市无新增新冠肺炎确诊病例。截至目前，本市累计报告新冠肺炎确诊病例117例，其中男性63例，女性54例；危重型4例、重型27例、普通型61例、轻型1例，治愈出院21例，死亡3例。疑似病例361例。（津云）??","

2020年02月13日22:28

??来自微博weibo.com"
脱欧入亚卡菊轮,"
其实我有一个想法，钻石公主号上的中国人应该还是得接回来……怎么说都是中国人的人命啊！交给日本人不靠谱啊！#钻石公主号邮轮新增41例新冠肺炎#??","

2020年02月13日22:15

??来自HUAWEIMate20X5G"
南都周刊,"
【#新冠肺炎比SARS病情进展快#】北京朝阳医院副院长童朝晖表示：新冠肺炎患者出现的是严重的呼吸衰竭，与03年的SARS相比，病情进展得更快，缺氧发展得很明显；此外，这次患者心脏受到的攻击非常厉害，救治起来的难度比以前要大。因此，我们提出要密切观察这类患者的生命体征，比如心率、血压、血氧的变化。@人民日报L人民日报的微博视频收起全文d
","

2020年02月13日21:43

??来自iPhone11"
四川日报,"
【#新冠肺炎比SARS病情进展更快#】中央指导组医疗救治组专家童朝晖：新冠肺炎患者，是严重的呼吸衰竭，比非典的呼吸衰竭进展更快，病情进展更快，缺氧有时候发展得很明显。和2003年非典相比，这次的患者心脏受到攻击也非常厉害。所以这一类病人救治起来的难度比以前要大，也比我们平时救治的难度大。L央视新闻的微博视频收起全文d
","

2020年02月13日22:36

??来自微博weibo.com"
新浪体育视频,"
【#体育总局通报表扬女篮和冰雪健将#】日前，国家体育总局决定，对中国女子篮球队和隋文静、韩聪、刘佳宇、任子威等运动员通报表扬。表扬中称：“在全国人民万众一心、众志成城抗击新冠肺炎疫情的关键时刻，我国体育健儿在国际体育赛场上奋勇拼搏、捷报频传，优异成绩的取得充分展现了中华体育精神，彰显了中国体育力量，传递了磅礡的体育正能量，极大地激发了全国人民战胜疫情的必胜信念和团结奋进的英雄气概。”L央视网体育的微博视频收起全文d
","

2020年02月13日21:15

??来自微博weibo.com"
日语学习,"
东京都一名70多岁出租车司机被确诊为新冠肺炎，这位司机载过中国乘客，自羽田机场往返市中心；神奈川县一名80多岁的女性因新冠肺炎死亡，这是日本国内首例新冠肺炎死亡病例；和歌山县确认首例感染者，是一名50多岁的男性。??","

2020年02月13日21:39

??来自微博国际版"
石家庄的事儿,"
#石家庄城事#【必胜客为河北省中医院“战地金花“的家人们送去爱心餐】新冠肺炎疫情牵动着全国人民的心，2月13日，必胜客为河北省中医院部分赴武汉医疗队员的家人送去爱心餐和“家书”用以传递对这些援鄂医疗队员的父母、子女及同事们的关爱，以表达对医护工作者的深深敬意，希望通过一份份贴心的关爱去温暖后方家人惦记牵挂的心。为必胜客点赞L石家庄的事儿的微博视频收起全文d
","

2020年02月13日20:54

??来自微博视频"
小海响当当,"
风景不仅仅是风景，更是饱含了一个地方的人文精神，情感文化。——刘寿祥先生一路走好#水彩画家刘寿祥因新冠肺炎去世#美学图书馆图|刘寿祥作品??","

2020年02月13日22:49

??来自美学图书馆超话"
北京发布,"
【开车出门需要戴口罩吗？专家建议来了】#晚安北京#明天升旗时间7:09，降旗时间17:48；明天天气大雪转小雪，气温-5℃~1℃。最近，为了减少感染新冠肺炎的风险，很多人都选择了开车出行。那么，开车时是否需要戴口罩呢？北京急救中心的专家表示，安全还是最重要的，不要因为口罩问题影响行车安全。L京视频的秒拍视频收起全文d
","

2020年02月13日22:00

??来自微博weibo.com"
广西日报,"
#广西抗击新型肺炎#【为他们点赞！南宁4名农民工主动“请战”参与雷神山医院建设：就想出份力】武汉新冠肺炎疫情牵动着壮乡儿女的心。在武汉雷神山医院的建设过程中，有4名来自南宁武鸣区的农民工志愿者在征得武汉用工单位同意后，参与到了医院的建设工作当中。2月10日，这4名农民工志愿者回到了武鸣。2月11日上午，记者在位于南宁市武鸣区党委党校隔离点见到了这4名农民工志愿者，因为刚从武汉返回，目前他们要在隔离点接受为期14天的医学观察。徐大亮是这4名农民工志愿者的牵头人，在武鸣做家装行业。疫情发生后，他偶然得知武汉雷神山医院建设在招收水电工，便产生了前往武汉帮忙的想法。于是，他在自己的工作微信群里寻找伙伴，很快得到了同在武鸣从事家装业且有水电安装经验的周光京、方建顺、尹锐昌等3人的响应。在和武汉的用工单位取得联系并征得同意后，徐大亮等4人连夜驾车赶往武汉雷神山医院建设现场。他们抵达现场时已经是1月28日上午，雷神山医院建设的第三天。在用工方的安排下，4人立即投入到紧张建设中，与数千名建设工人一起，夜以继日、全力以赴加快施工速度。（来源：@广西新闻频道）收起全文d
","

2020年02月13日22:00

??来自微博weibo.com"
中国气象局,"
#抗击疫情气象在行动#2020年的春节，因为新冠肺炎疫情的到来，让许多家庭计划随之改变。孩子心思细腻又敏感，必然感受到了气氛的凝重，却又懵懵懂懂，不一定真的明白发生了什么。由江西省气象工作者策划设计的《给孩子的科普：新型冠状病毒知多少》，既能温暖孩子的心灵，还可以让小朋友勇敢的面对“挑战”。快来看看吧！L中国气象局的微博视频收起全文d
","

2020年02月13日18:05

??来自iPhone6sPlus"
证券时报网,"
一场突如其来的新冠肺炎，令本就生存艰难的P2P行业雪上加霜。疫情之下，网贷平台催收受限导致逾期飙升，从而影响公司正常回款，无法正常兑付。深圳车贷企业人人聚财、投哪网日前均发布公告称，已启动退出报备工作并接受监管部门指导，目前已成立清退组并按要求开展清产核资工作。O逾期率飙升、催收陷困局，多家百亿P2P平台宣布清盘；疫情之下网贷行业怎转型??","

2020年02月13日22:23

"
北京日报,"
【童朝晖：#新冠肺炎比SARS病情进展快#】北京朝阳医院副院长童朝晖表示：新冠肺炎患者出现的是严重的呼吸衰竭，与03年的SARS相比，病情进展得更快，缺氧发展得很明显；此外，这次患者心脏受到的攻击非常厉害，救治起来的难度比以前要大。因此，我们提出要密切观察这类患者的生命体征，比如心率、血压、血氧的变化。L人民日报的微博视频收起全文d
","

2020年02月13日22:25

"
楚天都市报极目新闻,"
#湖北发布会#【和非典相比，新冠肺炎呼吸衰竭病情进展更快，心脏受到攻击】中央指导组医疗救治组专家、北京朝阳医院副院长童朝晖介绍：通过前一段时间的工作和实际的一线救治经历，发现新冠肺炎患者出现的是严重的呼吸衰竭。和2003年非典相比，这一次呼吸衰竭病情进展更快，缺氧很明显，患者心脏受到的攻击非常厉害。我们从策略上做了一些改变，希望通过策略的改变能够积极救治危重症的患者，同时降低病死率。O和非典相比，新冠肺炎呼吸衰竭病情进展更快，心脏受到攻击收起全文d
","

2020年02月13日21:49

??来自微博weibo.com"
我们视频暖心闻,"
【香港市民自创歌曲走红为武汉“逆行者”加油】2月13日，香港市民自创歌曲《武汉加油》在网络走红。高松杰谈创作初衷时表示，看到一线的救援画面，被医务人员的敬业精神打动，希望用歌声代表香港市民向这帮英雄致敬。#聚焦新冠肺炎疫情#@新京报我们视频L新京报我们视频的秒拍视频??","

2020年02月13日21:30

"
香港文匯網,"
【好消息！#火神山首批7名治愈患者出院#】http://t.cn/A6hbAQOu，刚刚，首批7名患者战胜新冠肺炎，治愈出院，其中包括重症患者。自2月4日接收首批患者以来，火神山医院已收治超过1000名新冠肺炎确诊患者。#武汉加油#L央视军事的微博视频??","

2020年02月13日17:00

??来自正能量·视频社区"
紫金山上听风吟,"
军队医院今天再次增派2600名医护人员乘坐国产运20运输机支援武汉抗击新冠肺炎疫情。L紫金山上听风吟的微博视频??","

2020年02月13日22:53

??来自微博视频"
大连晚报,"
【#87岁爷爷举吊瓶看83岁奶奶#病床前的一幕令人泪目】11日，山东广播电视台发布的一段视频令无数网友泪目。一对老人双双感染新冠肺炎，87岁的爷爷住隔壁病房，他举着吊瓶来看望83岁的奶奶。一开始，护士给奶奶喂食可她不肯吃，爷爷耐心地哄她，亲自给她喂饭喂水。L燃新闻的秒拍视频??","

2020年02月13日22:00

??来自微博weibo.com"
我们视频暖心闻,"
【#武汉患新冠肺炎医护人员出院#北京医生手写赠言“风雨同舟迎彩虹”】2月13日，北京支援武汉医疗队收治的4名新冠肺炎患者出院，其中一名是武汉的医护人员。北京朝阳医院急诊危重症主任医师唐子人说，看到战友出院内心特别高兴，自发筹钱准备了礼物，并写祝福“无畏生死赴疆场，风雨同舟迎彩虹”。#聚焦新冠肺炎疫情#@新京报我们视频L新京报我们视频的秒拍视频收起全文d
","

2020年02月13日22:18

"
私人订制在潍坊,"
#全国累计确诊新冠肺炎59804例#用这个影视片段，纪念我心中的英雄，也表达我的情绪。L私人订制在潍坊的微博视频??","

2020年02月13日22:26

??来自小米MIX3故宫特别版"
庄里事儿,"
#石家庄城事#【必胜客为河北省中医院“战地金花“的家人们送去爱心餐】新冠肺炎疫情牵动着全国人民的心，2月13日，必胜客为河北省中医院部分赴武汉医疗队员的家人送去爱心餐和“家书”用以传递对这些援鄂医疗队员的父母、子女及同事们的关爱，以表达对医护工作者的深深敬意，希望通过一份份贴心的关爱去温暖后方家人惦记牵挂的心。为必胜客点赞L石家庄的事儿的微博视频收起全文d
","

2020年02月13日20:57

??来自石家庄超话"
中国妇女报,"
【便后请洗手！钟南山、李兰娟院士团队从新冠肺炎患者粪便中分离出病毒】记者2月13日从科技部获悉，钟南山、李兰娟院士团队近日分别从新冠肺炎患者的粪便样本中分离出新型冠状病毒，这一发现证实了排出的粪便中的确存在活病毒，对于准确认识疾病的治病传播机理，帮助全社会有针对性地做好防控，切断疫情传播途径具有重要意义。专家表示，是否存在粪口传播目前还需进一步研究，不要过度紧张或恐慌，一定要勤洗手、勤消毒，食物煮熟再吃，注意个人和家庭卫生，注意下水道的通畅及必要的消毒。（新华社）#逆行中的她们#收起全文d
","

2020年02月13日16:49

??来自英妹的iPhone客户端"
广西共青团,"
【重磅！#广西再次延迟开学#时间，3月1日前不得开学！】#广西抗击新冠肺炎#广西壮族自治区新型冠状病毒感染的肺炎疫情防控工作领导小组指挥部发布关于学校复学工作的通知：各市、县新冠肺炎疫情防控工作领导小组指挥部，自治区党委各部委，自治区级国家机关各部门，各人民团体，各高等学校：为进一步做好全区各级各类学校（含中小学、幼儿园、高等学校、中职学校、技工学校）及教育培训机构新冠肺炎疫情防控工作，自治区新型冠状病毒感染的肺炎疫情防控工作领导小组指挥部现就全区各级各类学校复学工作通知如下：一、强化疫情防控责任。全区各级各类学校及教育培训机构必须按照“织牢防控网、阻断传播链”的要求，严格落实疫情防控主体责任，实行一把手负责制，建立健全防控机制，制定防控工作方案，安排专人专班负责，落实落细各项工作责任，坚决堵住疫情输入输出，坚决防止疫情在本单位扩散，做到守土有责、守土担责、守土尽责，确保师生生命安全和身体健康。二、再次调整延迟开学时间。根据疫情防控形势，再次延迟开学时间，全区各级各类学校在2020年3月1日前不得开学，具体开学时间按照教育部关于“疫情未得到有效控制之前绝对不能开学”的要求，视疫情防控情况另行确定。高等学校、区直中职学校要提前谋划错时开学、错峰返校工作，形成工作方案，于开学前15天报送自治区教育厅。各类教育培训机构一律暂缓开展线下服务。三、严格校园防疫管控。全区各级各类学校要切实强化阵地意识，严防死守，坚决做到“五个一律”，即未经学校批准学生一律不准返校，校外无关人员一律不准进入校门，师生员工进入校门一律核验身份和检测体温，对发热、咳嗽者一律要求其到就近医疗机构发热门诊就诊，不服从管理者一律严肃处理。中小学、幼儿园、中职学校、技工学校实行校园封闭管理，高等学校实行划区划片管理，学校所有场所设施暂不向社会开放。中小学、幼儿园、中职学校、技工学校要设置相对独立的健康观察场所，高等学校设置独立隔离区，发现异常状况的人员先行隔离观察，第一时间报告当地疾控机构，及时安排到就近的定点医疗机构就诊。图书馆、体育馆、学生活动中心等室内场馆暂不开放，学生食堂推行分餐制，减少人员聚集。学生公寓实行封闭管理，进出必须实名验证并检测体温。四、做好校园消杀防疫工作。全区各级各类学校及教育培训机构要按照《公共场所新型冠状病毒感染的肺炎卫生防护指南》、《关于新冠肺炎流行期间召开会议防控指南》等11个指南以及自治区关于疫情防控的有关要求，制定相关防护制度，做好防护措施。做好体温测量仪、消毒剂、口罩等疫情防控物资储备，并对学生宿舍、食堂、教室、卫生间等重点区域和场所进行消杀防疫，明确责任人并实时做好记录。五、建立师生员工健康管理机制。全区各级各类学校要建立全覆盖、无遗漏的健康管理机制，建立师生员工健康档案，安排专人对师生员工的健康状况、假期出行和参加聚会情况逐一进行统计核查，随时掌握师生员工身体状况，严格落实开学前居家观察14天的要求，确保一个不漏、一个不少。对仍在重点疫情防控地区的师生员工应通知其暂不返校。对假期留校或已提前返校的师生员工，按照“一人一案”要求，做好疫情防控管理和监测工作。开学后，严格落实学生晨午检制度，做好体温、体征监测，及时了解学生健康状况。做好师生员工因病缺课缺勤登记等日常防控工作，因病缺课缺勤人员应根据医院返校证明和确认隔离期限后，方可返校。六、利用线上教学确保停课不停教不停学。延迟开学期间，全区各级各类学校要指导学生学习使用由教育部门组织开发或推荐的公共教育资源，全力保障教师网上教、学生网上学，确保“停课不停教、停课不停学”。在原计划正式开学日之前，学校不得提前开始新学期课程网上教学。网上教学过程中要注意青少年身心健康，把握好适量的教学内容和适当的教学时长。七、落实情况报告和责任追究制度。全区各级各类学校及教育培训机构要按照属地管理原则，自觉服从当地人民政府及相关部门发布的疫情防控决定、命令，自觉接受疾控机构、医疗机构等部门采取的防控措施，认真执行“日报告”、“零报告”制度，做到及时、真实、准确报告有关情况，严禁迟报、少报、漏报、瞒报和谎报。全区各级教育行政主管部门要加强督导检查，对没有严格落实延期开学、落实疫情防控措施等要求的，责令马上整改纠正。对不担当、不作为的，除追究直接责任人责任外，情节严重的要对单位主要负责人进行问责。八、加强宣传教育引导。开展新冠肺炎疫情预防教育，张贴戴口罩、测体温、勤洗手等宣传标识，提醒防疫注意事项，增强师生员工的防病意识和自我保护能力。建立完善学校与家庭沟通渠道，及时通报学校防控情况和传达有关要求，确保家长学生情绪稳定。及时准确、公开透明发布相关信息，加强政策措施的宣传解读，回应师生关切，教育引导师生员工不造谣、不信谣、不传谣。2020年2月13日#广西无新增确诊病例##关注广西新型肺炎疫情##推迟部分职业资格考试报名#收起全文d
","

2020年02月13日22:20

"
浙江发布,"
【浙江印发农村地区新冠肺炎疫情防控工作指南（暂行）】近日，省新冠肺炎疫情防控工作领导小组办公室印发《浙江省农村地区新型冠状病毒感染的肺炎疫情防控工作指南（暂行）》，要求各地结合实际抓好贯彻落实。详情↓↓@浙江农业农村??","

2020年02月13日21:02

??来自政务直通车"
界面新闻,"
【中央指导组医疗救治组专家童朝晖：#新冠肺炎比非典呼吸衰竭进展的更快#】中央指导组医疗救治组专家、北京朝阳医院副院长童朝晖：我们发现新冠肺炎的患者，他出现的是一种严重ARDS，就是严重呼吸衰竭，与2003年非典相比，这一次呼吸衰竭进展的更快，缺氧有时候发展很明显。和2003年非典相比，这一次患者心脏受到攻击也非常厉害，分析这些患者心脏肌酐蛋白，是非常特异的，有是增高比例非常高，所以我们觉得这一类病人救治起来难度比以前要大，也比我们平时救治ARDS的难度要大。（第一财经）收起全文d
","

2020年02月13日21:27

??来自微博weibo.com"
新浪湖南,"
【衡阳县清花湾：60吨“爱心蔬菜”驰援湖北】#湖南防控新型肺炎##同江同湖同舟共济#一方有难，八方支援。近日，衡阳县清花湾无公害蔬菜种植合作社将上市的60吨新鲜蔬菜分批捐赠到湖北，2月12日下午，第一批30吨新鲜蔬菜已运往湖北，助力湖北人民抗击新冠肺炎疫情。（红网）??","

2020年02月13日22:53

??来自iPhoneXR"
健康时报,"
【武汉大学中南医院彭志勇团队：维C或可用于治疗新冠肺炎】2月13日，健康时报记者从武汉大学中南医院重症医学科主任彭志勇教授处获悉，其所在团队正在进行大剂量维生素C（VC）治疗新冠肺炎临床试验，近日已在美国临床试验Clnicaltrials.gov网站上登记，或为对抗新冠肺炎带来新思路！彭志勇教授表示，不管是过去的非典、中东呼吸综合征，还是现在的新冠肺炎，患者致死的主要原因都是急性呼吸窘迫症，以及其他多器官功能衰竭导致的并发症。当病毒导致氧化应激增加，患者出现急性呼吸窘迫症等多器官功能衰竭后，VC等抗氧化剂可以发挥积极的作用。“VC用于治疗新冠肺炎有两个好处，一是可以抗氧化损伤，第二可以提高免疫力。”彭志勇教授在接受健康时报记者采访时表示，VC在治疗各类肺炎中历史悠长且效果显著。例如很多肿瘤患者放疗后会出现肺损害，用了维C治疗后情况会有明显好转，肺部氧化会得到改善。彭志勇教授指出，维C的剂量与治疗效果有很大关系。大剂量VC不仅可提高抗病毒水平，更重要的是能够预防和治疗急性肺损伤（ALI）和急性呼吸窘迫症（ARDS）。国外此前的相关研究也表明，大剂量维C治疗急性呼吸窘迫损害综合征等肺损害的病人有良好效果。彭志勇教授所在的武汉大学中南医院ICU，早在1月初就开始收治新冠病毒肺炎患者，彭志勇白天在ICU看病，晚上则抽空做研究。目前，彭志勇教授团队正在抓紧进行大剂量VC治疗新冠肺炎临床试验，此试验剂量大（24g/天），时间长（共7天），远超其他一些低剂量相关试验，期望能够取得好的效果。“我们采用的剂量是24g，每位患者一天用两次，每次12g。”彭志勇教授向记者介绍，该院肿瘤科在治疗放射性肺炎的患者时，也会采用24g的剂量，效果很好。对于危重病人可采用静脉注射VC，轻症病人则可口服。注射时，医生用注射泵通过静脉慢慢为患者给药，对血管没有损伤，非常安全。“目前还没有有效的抗病毒药物，很多药物都还在试用。我希望大家在试用药物时，前提是要保证安全性，如果安全性不高，也没有证实有明确效果前，建议慎重使用。”彭志勇教授指出。彭志勇教授表示，该研究后续还将做统计分析，进一步验证其有效性。“如果此次试验有了好的结果，对控制当下新冠肺炎将有非常积极的意义，意味着我们对非典、中东呼吸综合征、新冠病毒肺炎等所有会造成肺损伤的疾病有了共同机制的手段。”彭志勇教授说。提及普通大众是否可用维C来预防新冠病毒，彭志勇教授的回答是可以。“当年非典的时候，我们每个人都发了维生素C泡腾片，确实有预防效果。现在我们科室也为医护们分发了维C泡腾片，不过服用也要适量。”彭志勇教授说。1月22日，上海市卫生健康委药政管理处、上海市临床药事管理质控中心向上海各医疗机构发出《关于进一步加强近期临床药品供应保障和安全应用的通知》，维生素C也作为临床应用预防药物被推荐。（健康时报记者董颖钰）收起全文d
","

2020年02月13日21:28

??来自微博weibo.com"
上海发布,"
【沪2020年春季高考招生工作调整！院校自主测试成绩均以150分计入】#教育#各位考生注意啦！市教育考试院说，在新冠肺炎疫情防控的特殊形势下，春考工作要把广大考生和涉考人员的生命安全和身体健康放在第一位。2020年上海市春季考试招生的总体框架保持不变，仍然保持“统一文化考试成绩+院校自主测试成绩”模式，对填报春招志愿的考生，由于疫情期间无法进行院校自主测试，经春招试点院校协商一致，并报市教委批准，院校自主测试成绩均以150分计入，最终以“统一文化考试成绩+院校自主测试成绩”的高低作为春招的依据，参考学生综合素质评价信息，进行录取。此方案仅在2020年春招中执行。原定于2月15日开始的2020年春季考试招生网上咨询延期至3月初开展，后续相关工作相应延期；原定到高校进行专业信息登记等工作方式进行调整。具体安排见下表↓#上海战疫##上海加油#O沪2020年春季高考招生工作调整！院校自主测试成绩均以150分计入收起全文d
","

2020年02月13日22:17

??来自微博weibo.com"
香港商報網,"
【童朝晖：#新冠肺炎比SARS病情进展快#】北京朝阳医院副院长童朝晖表示：新冠肺炎患者出现的是严重的呼吸衰竭，与03年的SARS相比，病情进展得更快，缺氧发展得很明显；此外，这次患者心脏受到的攻击非常厉害，救治起来的难度比以前要大。因此，我们提出要密切观察这类患者的生命体征，比如心率、血压、血氧的变化。L人民日报的微博视频收起全文d
","

2020年02月13日22:32

??来自微博weibo.com"
山东高法,"
案件速递【#逃亡5年窃贼因疫情主动自首#】2月11日，山东德州警方通报一起案件。疫情暴发后，因设卡检查太严，一名逃亡5年的窃贼选择自首。据齐河县公安局宣传科科长李诚介绍，嫌疑人杨某来藏匿的地点经常有人去检查，杨某来成天心惊胆战，没办法只好自首。#聚焦新冠肺炎疫情#L新京报我们视频的秒拍视频??????收起全文d
","

2020年02月13日22:45

"
成都发布,"
【峨眉山：景区恢复开放后一年内将对全国医护工作者免费】#看四川#2月13日，从峨眉山景区管委会获悉，为感恩在新冠肺炎疫情中守护健康、捍卫生命的医护工作者，@峨眉山景区自恢复开放之日起一年内向全国医护工作者免费开放。届时，所有医护工作者均可持有效证件免景区门票游览峨眉山，免费观看王潮歌导演的《只有峨眉山》演艺。具体细则将于景区恢复开放前发布。（红星新闻）收起全文d
","

2020年02月13日21:49

??来自iPhone客户端"
香港文匯網,"
【童朝晖：新冠肺炎比SARS病情进展快】北京朝阳医院副院长童朝晖表示：新冠肺炎患者出现的是严重的呼吸衰竭，与03年的SARS相比，病情进展得更快，缺氧发展得很明显；此外，这次患者心脏受到的攻击非常厉害，救治起来的难度比以前要大。因此，我们提出要密切观察这类患者的生命体征，比如心率、血压、血氧的变化。L人民日报的微博视频收起全文d
","

2020年02月13日21:59

??来自微博weibo.com"
青羊残联,"
#身边的感动#【女司机一个人开了一天一夜车，运31吨酒精到武汉】近日，40多岁的张女士独自驾驶大货车一天一夜，从四川成都运送31吨酒精到达武汉国际博览中心。刚下车的张女士戴着口罩，穿着一件黑色的短袖。面对现场工作人员的感谢，张女士摆手婉拒。张女士的坚强与善良，你看见了吗？#全国累计确诊新冠肺炎59804例#L中国妇女报的微博视频收起全文d
","

2020年02月13日22:03

??来自nova5Pro人像超级夜景"
湖南日报,"
【#湖南首例危重型患者治愈出院#！】今天下午，怀化市又有3例新冠肺炎患者在怀化市第一人民医院治愈出院。上午2例新冠肺炎患者在湖南医药学院第一附属医院治愈出院，其中1例为湖南省首例治愈出院的危重型新冠肺炎患者。重症出院患者具体情况：袁某，女，74岁，家居武汉，年前回辰溪县探亲，1月22日，因呕吐、腹泻伴发热5天，咳嗽2天入院。该例危重型新冠肺炎患者，有心肺功能衰竭，伴有高血压、糖尿病、冠心病等基础性疾病，是全省病情最危重的患者之一，湖医附一医院组建最精干医护团队，集中最先进的治疗技术理念，整合多学科资源开展救治，针对该患者制定了个性化方案，医院专家组“一天一会诊”，通过高流量湿化氧疗、无创、有创呼吸支持、俯卧位机械通气及早期重症康复等治疗，结合中医“辨证施治”，经过17天的精心救治，患者体温正常（大于3天），无呼吸道症状，肺部病变明显吸收减少，两次呼吸道病原核酸检测阴性（采样间隔大于24小时），根据国家卫生健康委（新型冠状病毒感染的肺炎诊疗方案（试行），经专家组会诊，达到解除隔离出院标准。#湖南防控新型肺炎##同江同湖同舟共济#收起全文d
","

2020年02月13日17:42

??来自iPhone客户端"
福布斯中文网,"
【童朝晖：#新冠肺炎比SARS病情进展快#】北京朝阳医院副院长童朝晖表示：新冠肺炎患者出现的是严重的呼吸衰竭，与03年的SARS相比，病情进展得更快，缺氧发展得很明显；此外，这次患者心脏受到的攻击非常厉害，救治起来的难度比以前要大。因此，我们提出要密切观察这类患者的生命体征，比如心率、血压、血氧的变化。L人民日报的微博视频收起全文d
","

2020年02月13日21:51

"
民政微语,"
#民政系统疫情防控#【福利院的这群孩子们用画笔，为武汉加油】战“疫”一线，每天都有暖心的故事。新冠肺炎疫情发生以来，长沙市第一社会福利院工作人员用爱呵护、用心坚守，为孤残儿童撑起了一把坚固的防护伞。院内的孩子们用画笔，宣传防疫知识，致敬一线英雄，为#武汉加油#！为中国加油！??","

2020年02月13日22:08

??来自专业版微博"
价值投资日志,"
【钉钉实惨！一个11亿次下载量APP，被小学生喷到多平台下架】近日，钉钉作为一个下载量11亿次的APP，被全国的小学生喷到了多平台同时下架（由于多数平台规定低于1分强制下架）只能说，小学生们战斗力太强了，少年强则中国强！#湖北新增14840例新冠肺炎##钉钉#??","

2020年02月13日22:58

??来自iPhoneX"
价值投资日志,"
【中央指导组医疗救治组专家童朝晖：新冠肺炎比2003年非典呼吸衰竭进展的更快】中央指导组医疗救治组专家、北京朝阳医院副院长童朝晖：我们发现新冠肺炎的患者，他出现的是一种严重ARDS，就是严重呼吸衰竭，与2003年非典相比，这一次呼吸衰竭进展的更快，缺氧有时候发展很明显。和2003年非典相比，这一次患者心脏受到攻击也非常厉害，分析这些患者心脏肌酐蛋白，是非常特异的，有是增高比例非常高，所以我们觉得这一类病人救治起来难度比以前要大，也比我们平时救治ARDS的难度要大。#湖北新增14840例新冠肺炎##最新疫情地图##战疫打卡行动#收起全文d
","

2020年02月13日21:29

??来自iPhoneX"
CGTN,"
【卫健委：粪便中分离到病毒，不意味新冠肺炎主要传播途径发生变化】ThetransmissionpathofcoronavirusremainsunchangeddespiteChinesescientistssuccessfullyisolatingthevirusfromfeces,saidChina'sNationalHealthCommission.Itismainlyspreadviarespiratorydroplets,andmoreresearchisneededtoconfirmfecal-oraltransmission.#新冠肺炎主要传播途径尚未变化##钟南山李兰娟团队均从患者粪便中分离出病毒#收起全文d
","

2020年02月13日21:50

??来自微博weibo.com"
凤凰网华人佛教,"
【心系疫情奉献大爱咸宁宗教界在疫情防控阻击战中积极作为】自新冠肺炎疫情发生以来，咸宁宗教界积极响应党委政府号召，迅速行动，主动作为，履行责任，全力以赴助力我市打赢疫情阻击战。市防控指挥部部署安排后，市属五大宗教团体闻令而动，及时发出倡议，明确强调各宗教活动场所在疫情防控期间一律暂停对外开放、一律暂停组织开展集体宗教活动，引导广大信众坚决支持和密切配合党委政府的疫情防控工作，自觉落实居家隔离和身体健康监测报告要求，并采取多种形式虔诚地为有效的疫情防控祈福、为祖国的繁荣富强祈福、为人民的幸福安康祈福！在严格按要求做好自身疫情防控工作、努力维护好宗教界的安全稳定、坚决不给当前疫情防控增压添乱的同时，全市宗教界还自觉践行社会主义核心价值观，大力弘扬“一方有难八方支援”的济世行善美德，动员广大信众守望相助、奉献爱心，量力而行、尽力而为地为党委政府抗击疫情贡献力量。截至到2月8日，全市宗教界共募集捐资捐物共计190多万元。（来源：咸宁市委统战部宗教科）【附件：咸宁市佛教协会首批募集物资及现金清单】1.咸宁市佛教界共捐赠防护服1000套，价值约3万元；口罩10万只，价值约7万元；现金共27.9887万元。2.联系无锡灵山慈善基金会捐赠“瑞迈呼吸机(型号Y-25T）”50台，价值约40万元；84消毒水5.2吨，价值约4.48万元；医用酒精2吨，价值约3.8万元；医用手套5000双，价值约1万元。3.联系北清智库商学院及北清智库校友总会—公益事业部捐赠“欧姆龙HAC-8200空气净化器”120台，价值约41.988万元。4.联系凤凰网佛教捐赠“李先生加州牛肉面”1000箱，价值约17.88万元。5.联系慧海公益基金捐赠“娃哈哈八宝粥”、“蒙牛特仑苏”、“康师傅桶面”各360箱，共计1080箱，价值约4.968万元。6.联系刘晓华、吴正春伉俪捐赠“康师傅方便面”834箱，价值约3.8万元。截至到2020年2月8日，共募集物资及现金合计人民币155.9047万元。#共同战疫##湖北加油##咸宁身边事#收起全文d
","

2020年02月13日14:48

"
yeba的微博,"
国医张伯礼说，“新冠肺炎谁治疗的？你自己治好的。”他认为，通过中药，杀不了病毒，但是可以提高免疫功能，让免疫力自己把病毒杀死。中药上场，病毒消亡！新冠瘟疫如森林大火，中医中药如天降大雨！老祖宗抗击瘟疫自有绝招！萨斯新冠休的猖狂！大数据显示中药治疗非典SARS病毒、新冠病毒效果显著！清肺排毒汤有效率高达90％！而且成本低廉见效很快！死亡率极低！无后遗症！当作为治疗新冠病毒肺炎的首选才对！无中医中药新冠病毒瘟疫决难控制！武汉每天3万份中药送到医院和隔离点算是做对了一件大事！虽然迟了很多时间，但总算是亡羊补牢也！感谢中医中药吧！感谢我们的老祖宗吧！西医西药也有好的，但这次很难赶趟了，要是等到那个什么什么临床试验出来的极其昂贵的西药，估计黄花菜都凉了！要是等那个什么什么疫苗出来要18个月以后，中国人还能剩几个啊？#跟新浪看热点#O武汉每天3万多份中药送到医院和隔离点皆免费收起全文d
","

2020年02月13日22:00

??来自新浪新闻客户端"
欧阳志刚逐梦演艺圈,"
唯一的一个把每个新冠肺炎死亡患者的死亡原因写得十分详细的地方：天津。??","

2020年02月13日22:36

??来自iPhone客户端"
WeLens,"
新冠肺炎的病情比非典进展更快，对心脏的攻击超过非典。??","

2020年02月13日21:38

??来自iPhoneX"
长安街知事,"
【不到2小时，黄冈连发3道通告全面升级管控】#黄冈全面升级管控措施#今晚（2月13日）7时至9时，黄冈市新冠肺炎疫情防控工作指挥部连发3条通告，宣布在全市范围全面升级管控，要求所有小区（居民点）一律实行全封闭管理。#孝感黄冈等地要采取武汉同等措施#O不到2小时，黄冈连发3道通告全面升级管控??","

2020年02月13日22:43

??来自微博weibo.com"
热门资讯第一线,"
#童朝晖新冠肺炎比SARS病情进展快#相信在这个消息的背后，是无数医疗研究人员没日没夜的加班。在这样的情况下，我们还有什么理由不好好待在家里配合疫情防控呢？只要每个人都献出一点力，美好的明天就会到来得更快??","

2020年02月13日22:27

??来自微博weibo.com"
米画师,"
随着新冠肺炎的肆虐，各行各业都受到不同程度的影响。在这个特殊的时期里，米画师找到了5位身在湖北的画师，和他们聊了聊当下最真实的处境——O疫情下的湖北画师??","

2020年02月13日21:36

??来自微博weibo.com"
中科大胡不归,"
O独家最新报道！美国华裔专家揭秘绝大多数医生都不知道的新冠病毒肺炎机理及自救措施！必看，救人救己！独家最新报道！美国华裔专家揭秘绝大多数医生都不知道的新冠病毒肺炎机理及自救措施！必看，救人救己！小醫童美国健康快讯昨天中国时间2020年2月12日中午12:00，受美国丁医生的邀请，吴军教授在全球公益健康讲座群“让人人都能懂健康”为全球20多个国家的听众，做了一堂精彩、生动又实用的讲座，受到大家的热烈欢迎。吴教授是在美国的医学科学博士，在美国从事微生物学和肿瘤学研究，目前是美国希望之城（CityofHope-美国最大的肿瘤医院）医学中心副教授，动物肿瘤模型实验室主任。吴教授在讲座中揭秘：新冠病毒肺炎的机理其实是过激的免疫反应制造的大量自由基引起的器官损伤！而目前绝大多数医生都不知道这个机理！吴教授帮助大家从全新的角度认识新冠病毒肺炎，并且提供了简单有效的自救方法，为人们战胜新冠病毒肺炎增强了信心。早在2003年非典疫情期间，中国卫生部就曾邀请吴军教授赴京交流非典的治疗措施……收起全文d
","

2020年02月13日17:34

??来自微博weibo.com"
大河报,"
【#发病却忍着一家7口全确诊#北京一病例发病后在家忍着全家7人全中招】今天下午，北京市新冠肺炎疫情防控工作新闻发布会举行，北京市疾病预防控制中心副主任庞星火在发布会上通报了一家7口人因为跟确诊新冠肺炎的亲戚聚餐，最后全部中招的案例。庞星火介绍，某家人在过年期间和亲戚一起聚餐，8天后，接到亲戚的电话，亲戚称：“我得了新冠，是被来家玩的朋友传染的，他去过武汉，你也要当心。”但这一家人完全不当回事，听了这些话跟没事人似的，仍然正常上班逛超市、去银行、走亲戚，直到家里有人发病了，仍在家里忍着不去医院，并照常出去买菜。又过了几天，孩子也病了，全家人开始着急了，终于大人孩子相继发病去了医院，疾控人员调查时，他才说出了自己曾经和病人一起吃饭的事实，结果为时过晚，全家7个人全部中招了。O北京一病例发病后在家忍着全家7人全中招收起全文d
","

2020年02月13日20:52

??来自专业版微博"
新华日报,"
【705人！三路齐飞！第七批江苏援湖北医疗队今日下午出征！】2月13日，第七批江苏援湖北医疗队705名队员分别在南京、徐州、扬州等地机场集结完毕，三路齐飞，启程奔赴湖北省武汉市，全力支援当地开展新冠肺炎医疗救治工作。省政府办公厅等单位派出5人，前往武汉开展相关保障工作。O705人！三路齐飞！第七批江苏援湖北医疗队今日下午出征！L新华日报的微博视频收起全文d
","

2020年02月13日19:45

??来自微博视频"
香港文匯網,"
【#俄国网红地铁倒地扮染肺炎被拘30日#】新冠肺炎疫情持续扩大，全球人心慌慌。日前在莫斯科地铁站发生一宗恶作剧事件，#莫斯科#有位男子在搭乘地铁时故意倒地，并由同伴呼喊这是新型冠状病毒患者，民众听到惊慌立刻冲出车厢，事后大家才发现是场恶作剧，当地警方收到消息后，认为扎博罗夫举动已触犯#流氓骚乱罪#。男子已被法院下令拘留30天，最高可判5年有期徒刑，两名同伙也遭到拘留。O网页链接收起全文d
","

2020年02月13日18:42

??来自微博weibo.com"
国家应急广播,"
【#新冠肺炎比SARS病情进展更快#】中央指导组医疗救治组专家童朝晖：新冠肺炎患者，是严重的呼吸衰竭，比非典的呼吸衰竭进展更快，病情进展更快，缺氧有时候发展得很明显。和2003年非典相比，这次的患者心脏受到攻击也非常厉害。所以这一类病人救治起来的难度比以前要大，也比我们平时救治的难度大。@央视新闻L央视新闻的微博视频收起全文d
","

2020年02月13日22:11

??来自360安全浏览器"
西部网,"
【安康25岁新冠肺炎治愈者自述经历】龙某某最早于12月底在朋友圈中看到相关新冠肺炎的文章，当时我就和同学一起买了口罩备用，但由于当时了解的相关信息不多，也就未太在意。我今年在学校做实验比较晚，所以买的1月22日从武汉回西安的高铁票。当听说新冠肺炎存在人传人的情况后，我赶紧戴着口罩去了学校对面的超市，买了几天的水、泡面和零食，最后几天没有出过学校门，都在宿舍解决的吃饭问题，并每天自测体温，直到22日乘车前才出学校大门前往武汉站。出于保护自己和他人的目的，我全程都戴着医用N95口罩，路上没吃一口饭，没喝一口水。当天抵达西安时间较晚，于次日乘坐大巴回家。在大巴车上，我依然戴着口罩不吃不喝直至回家。23日在朋友圈中已有政府关于武汉回乡人员隔离措施的相关文件，于是我回家后第一时间就向相关机构进行了报备，回家也让家里提前准备的酒精对行李箱和手机物品进行擦拭，出于谨慎的原因，劝说家人取消了以往每年和爷爷奶奶一起的团年饭，在家自我隔离，和父母分餐吃饭，没事就待在卧室完成毕业的资料准备。从回家开始到大年三十晚上之前自测体温正常，大年三十晚上突然发烧，立即戴好口罩前往医院发热门诊，医生和护士很负责，在得知我从武汉回乡后，立即对诊室人员进行疏散，随后25日凌晨我住院进行隔离，接受治疗直至28号确诊后转至安康中心医院。随着我的确诊，一下子把周围的乡亲拉到了病毒的第一线，使得我从武汉回来所接触到的大巴车上的同乘人员和父母的生活受到了牵连，万幸！最后无一人感染全部解除医学观察，但对你们造成的恐慌和不便在这里说一声抱歉。当踏入隔离病房的那一刻，看着在新闻上才出现的隔离防护服和装置，说不怕是假的，但医护人员从心理上疏导我，从生活上关心我，主动给我带东西，询问我还需要什么，并告诉我需要什么随时告诉他们，在这样的照顾下我的心情也逐渐从害怕变得坦然了，他们都是普通人，是孩子的父母，也是父母的孩子，他们也想享受假日时光，奈何疫情当前，只能牺牲自我，冲锋陷阵。很想当面感谢他们，但我连他们长什么样子都不知道，只看到厚重的防护服、充满蒸汽的护目镜，我只是他们从医生涯中的一位过客，但他们却是我生命中重要的转折，谢谢你们照亮我回家的路。28日确诊后转至市中心医院，家乡的医生护士和相关机构的工作人员还是会定期打电话关心我，询问身体状况。市中心医院的医护人员对我送花进行送别，县医院的工作人员安排专车接我回家，并叮嘱出院注意事项，祝福我早日恢复身体，我真的很感动，谢谢你们！我想分享的是，大家一定要听从政府的引导，科学防疫。不要觉得疫情离自己很远，此时的安宁是多少一线人员牺牲自我，通宵达旦工作换回来的。不要让自己的一时之举让前期防控功亏一篑，此时此刻，每一位公民都在不同的战场对抗病毒，万众一心方能攻坚克难。从防范措施来讲要尽量不出门，如若出门一定要戴口罩，回家后第一时间洗手。从自身出发，在家科学补充营养，进行合理锻炼，毕竟最好的药就是我们自身的免疫力。即使不幸感染，也不要恐慌，人类最强烈的恐惧是对未知的恐惧，随着科研脚步的跟进，治疗举措的不断更新，只要配合治疗，坚定信心就会迎来春天。再次向所有奋战在疫情一线的医护人员和工作人员表示敬意，望平安！（陕西台康健??王晶）??#防控肺炎陕西在行动##武汉感染人数未摸清#收起全文d
","

2020年02月13日21:34

??来自iPhone客户端"
浙样红TV,"
【辟谣！#宁波恢复居民出行正常化是假消息#】今天，许多人的朋友圈都被一公众号假消息刷屏，消息称：宁波16日起居民出行正常化，17日起公交运营正常化，18日起企业生产和市场运行正常化，22日起重点埸所正常化，25日起机埸、高速、动车、国道正常化。对此，记者从宁波市新冠肺炎疫情防控工作领导小组办公室获悉，此为谣言。宁波网警也在官方微博辟谣。目前，公安部门已介入调查。提醒：切勿在疫情期间随意以开玩笑、吸引眼球等目的发布信息，网络不是法外之地，当前疫情形势严峻，呼吁广大市民对类似网络谣言要保持足够警觉，自觉做到不传谣、不信谣。#奋战一线我们决不后退#@宁波网警巡查执法收起全文d
","

2020年02月13日21:30

??来自微博weibo.com"
检察日报,"
【便后请洗手！钟南山、李兰娟院士团队从新冠肺炎患者粪便中分离出病毒】近日，钟南山、李兰娟院士团队分别从新冠肺炎患者的粪便样本中分离出新型冠状病毒，这一发现证实了排出的粪便中的确存在活病毒，对于准确认识疾病的治病传播机理，帮助全社会有针对性地做好防控，切断疫情传播途径具有重要意义。尽管目前还没有充分的证据说明存在粪口传播，但大家一定要勤洗手、注意个人卫生。两位院士团队的专家表示：目前正在对分离出的病毒进行进一步的传染病学研究和科研，大家不用恐慌，一定要更加重视个人和家庭的清洁，同时注意下水道通畅，避免有可能出现的粪便病毒的传播。#防控新型冠状病毒肺炎#@新华视点收起全文d
","

2020年02月13日15:50

??来自专业版微博"
NCP生命支援,"
#NCP生命支援#和我们一起并肩作战的“Bridge床位组”统计的武汉市可以做血液透析的医院名录，包括新冠肺炎患者定点透析医院。??","

2020年02月13日22:13

"
华商报,"
【童朝晖：#新冠肺炎比SARS病情进展快#】北京朝阳医院副院长童朝晖表示：新冠肺炎患者出现的是严重的呼吸衰竭，与03年的SARS相比，病情进展得更快，缺氧发展得很明显；此外，这次患者心脏受到的攻击非常厉害，救治起来的难度比以前要大。因此，我们提出要密切观察这类患者的生命体征，比如心率、血压、血氧的变化。L人民日报的微博视频收起全文d
","

2020年02月13日22:01

"
锦绣潇湘-文旅湖南,"
#湖南防控新型肺炎#【湖南桃花源、常德卡乐星球、武冈云山发布对医护工作者免票政策】致敬“最美逆行”，致敬医者仁心。常德市中国桃花源景区、卡乐星球景区2月12日分别发出公告，宣布自疫情结束恢复运营之日起至2020年12月31日，景区对全国医护工作者（含港澳台地区）免票开放。新冠肺炎疫情期间在一线服务的医务工作人员（不限医生、护士、卫生员、医疗志愿者等），在疫情结束之后，凭相关医疗单位工作证明或执业证书可在3年内免费游览邵阳武冈云山国家森林公园景区，不限次数。收起全文d
","

2020年02月13日15:11

??来自微博weibo.com"
CGTN,"
【#全国累计确诊新冠肺炎59804例#】#全国新增15152例新冠肺炎#ChinaonWednesdayconfirmed15,152newcoronaviruscases,including13,332clinicalcasesdiagnosedviaCTscaninHubeiProvince,with254newdeathsreported.ThisbringsthetotalnumberofconfirmedcasesontheChinesemainlandto59,804andthecumulativedeathtollto1,367.Onthesameday,thecountrysaid1,171newpatientsweredischargedfromhospital,bringingthetotalofrecoveredcasesto5,911.收起全文d
","

2020年02月13日17:19

??来自专业版微博"
三门峡市教育局,"
【重要通知】三门峡市各级类学校要严格贯彻落实河南省教育厅新冠肺炎疫情防控工作领导小组关于近期严禁师生返校的紧急通知要求，在接到省、市疫情防控指挥部教育系统工作专班批准开学前，不得安排学生返校。除需要返校参加本校疫情防控工作的教职工外，不得安排其他教职工返校。各级各类学校开学时间，以省、市疫情防控指挥部教育系统工作专班正式批准的方案为准。#教育系统疫情防控#收起全文d
","

2020年02月13日13:29

??来自Android"
今晚报,"
【童朝晖：#新冠肺炎比SARS病情进展快#】北京朝阳医院副院长童朝晖表示：新冠肺炎患者出现的是严重的呼吸衰竭，与03年的SARS相比，病情进展得更快，缺氧发展得很明显；此外，这次患者心脏受到的攻击非常厉害，救治起来的难度比以前要大。因此，我们提出要密切观察这类患者的生命体征，比如心率、血压、血氧的变化。@人民日报L人民日报的微博视频收起全文d
","

2020年02月13日22:30

??来自微博weibo.com"
山东发布,"
#众志成城抗击疫情#【山东省对口支援黄冈前方指挥部暨第十批援助湖北医疗队出征】今天下午，山东省对口支援湖北省黄冈市疫情防控前方指挥部暨第十批援助湖北医疗队，从济南遥墙机场启程，飞赴湖北黄冈疫情防控一线。省委书记、省委新冠肺炎疫情处置工作领导小组组长刘家义，省委副书记、省长、省委新冠肺炎疫情处置工作领导小组组长龚正到机场送行。省委副书记、山东省对口支援黄冈疫情防控前方指挥部指挥长杨东奇随队出征。O网页链接收起全文d
","

2020年02月13日21:11

??来自360安全浏览器"
价值投资观察员,"
宁夏治愈的十例患者的统一药方：口服洛匹那韦利托那韦片每次2片，每日2次，灭菌注射用水2ml+α干扰素500万IU治疗1周有效药方：抗RNA病毒药（克力芝或瑞德西韦）+干扰素联合治疗经宁夏新冠肺炎专家诊疗组诊断，10名患者均临床症状明显好转，体温正常3天以上，两次病毒核酸检测为阴性，达到治愈条件。至此，宁夏确诊的45例新冠肺炎患者，已有13名解除隔离，治愈出院。　　附10名治愈患者情况：　　1.张某某，女，10岁。主因“与新型冠状病毒性肺炎患者亲密接触5天”于1月29日由吴忠市人民院救护车送至宁夏第四人民医院。入我院后经专家组讨论，诊断为：新型冠状病毒性肺炎，根据专家组会诊，给予口服洛匹那韦利托那韦片每次2片，每日2次，灭菌注射用水2ml+α干扰素500万IU治疗1周。复查核酸检测2次（间隔24小时）均为阴性，2月7日经自治区新型冠状病毒感染的肺炎专家组讨论符合出院标准，允许出院。　　2.张某，男，28岁。主因“咽部不适3天”于1月30日由固原市人民医院转诊至宁夏第四人民医院。入我院后经专家组讨论，诊断：新型冠状病毒性肺炎，根据专家组会诊，给予口服洛匹那韦利托那韦片每次2片，每日2次，灭菌注射用水2ml+α干扰素500万IU治疗7天。复查核酸检测2次（间隔24小时）均为阴性，症状好转。2月7日经自治区新型冠状病毒感染的肺炎专家组符合出院标准，允许出院。　　3.冯某某，男，28岁。主因“低热4天”于1月24日由中卫市人民医院转宁夏第四人民医院。入我院后经专家组讨论，明确新型冠状病毒性肺炎，报传染卡，并根据专家组指示，给予口服洛匹那韦利托那韦片每次2片，每日2次，灭菌注射用水2ml+α干扰素500万IU治疗。复查核酸检测2次（间隔24小时）均为阴性，症状好转。2月7日经自治区新型冠状病毒感染的肺炎专家组讨论符合出院标准，允许出院。　　4.伏某,女,25岁.主因“发热伴咽部不适2天”于1月24日由固原市人民医院转至宁夏第四人民医院。入我院后经专家组讨论，诊断：新型冠状病毒性肺炎，根据专家组会诊，给予口服洛匹那韦利托那韦片每次2片，每日2次，灭菌注射用水2ml+α干扰素500万IU治疗。复查核酸检测2次（间隔24小时）均为阴性，症状好转。2月7日经自治区新型冠状病毒感染的肺炎专家组专家组讨论符合出院标准，允许出院。　　5.张某某，男，41岁。主因“间断发热、乏力8天”于1月28日凌晨由吴忠市人民医院救护车转诊至宁夏第四人民医院。入我院后经专家组会诊，诊断为：新型冠状病毒性肺炎，根据专家组会诊指示，给予口服洛匹那韦利托那韦片每次2片，每日2次，灭菌注射用水2ml+α干扰素500万IU治疗11天。复查核酸检测2次（间隔24小时）均为阴性，症状好转。2月8日经自治区新型冠状病毒感染的肺炎专家组讨论符合出院标准，允许出院。　　6.蔡某某，男，42岁，主因“咳嗽、咳痰伴痰血胸闷8天”于1月29日由红寺堡医院转至宁夏第四人民医院。入我院后经专家组还真，诊断：新型冠状病毒性肺炎，并根据专家组指示，给予口服洛匹那韦利托那韦片每次2片，每日2次，灭菌注射用水2ml+α干扰素500万IU治疗。复查核酸检测2次（间隔24小时）均为阴性，症状好转。2月8日经自治区新型冠状病毒感染的肺炎专家组讨论符合出院标准，允许出院。　　7.常某某，男，23岁。主因“咳嗽、咳痰3天”于1月31日由中卫市人民医院转至宁夏第四人民医院。入院后经专家组会诊，明确新型冠状病毒性肺炎，并根据专家组指示，给予口服洛匹那韦利托那韦片每次2片，每日2次，灭菌注射用水2ml+α干扰素500万IU治疗。复查核酸检测2次（间隔24小时）均为阴性，症状好转。2月8日经自治区新型冠状病毒感染的肺炎专家组讨论允符合出院标准，允许出院。　　8.蔡某某，男，66岁。主因“发热伴咳嗽胸闷7天”于1月31日由红寺堡人民医院转宁夏第四人民医院。入我院后经专家组会诊，明确新型冠状病毒性肺炎，根据专家组指示，给予口服洛匹那韦利托那韦片每次2片，每日2次，灭菌注射用水2ml+α干扰素500万IU治疗。复查核酸检测2次（间隔24小时）均为阴性，症状好转。2月8日经自治区新型冠状病毒感染的肺炎专家组讨论符合出院标准，允许出院。　　9.张某某，女，21岁。主因“胸闷、气短3天”于1月26日由银川市急救中心救护车转诊至宁夏第四人民医院。入我院后经专家组会诊，诊断：新型冠状病毒性肺炎，根据专家组指示，给予口服洛匹那韦利托那韦片每次2片，每日2次，灭菌注射用水2ml+α干扰素500万IU治疗。复查核酸检测2次（间隔24小时）均为阴性，症状好转。2月8日经自治区新型冠状病毒感染的肺炎自治区专家组出院标准，允许出院。　　10.吴某，女，47岁，主因“间断发热、咳痰、头痛3天”于1月27日由宁夏人民医院救护车转诊至宁夏第四人民医院。入我院后经专家组会诊，诊断：新型冠状病毒性肺炎，根据专家组指示，给予口服洛匹那韦利托那韦片每次2片，每日2次，灭菌注射用水2ml+α干扰素500万IU治疗。复查核酸检测2次（间隔24小时）均为阴性，症状好转。2月8日经自治区新型冠状病毒感收起全文d
","

2020年02月13日14:15

??来自微博weibo.com"
南网50Hz,"
【南方电网超高压公司全力推进云贵互联重点工程建设】云贵互联工程在国内首次将两端直流改造为三端直流，建成后将是世界首个500kV三端直流工程。工程的核心——直流控制保护系统目前已完成系统研发、出厂试验和FPT试验，原计划于春节后开展DPT试验（动态性能试验）。面对新冠肺炎的严峻挑战，超高压公司全力推进云贵互联工程建设，第一时间制定疫情期间工作方案，所有试验人员取消春节出行计划，返工后统一安排内部住宿并进行隔离，隔离期满后马上投入到试验中。试验室每日由专业消毒队伍进行两次全面消毒。春节假期当别人在庆团圆时，超高压公司试验人员已经开始了“996”的工作模式。截至2月13日，工程已完成28项试验。在岗也是抗疫前线，中国加油！#抗击疫情央企行动#收起全文d
","

2020年02月13日21:19

??来自微博weibo.com"
青岛发布,"
【我市又有2例新冠肺炎患者治愈出院】2月13日，经市专家组、医院医务人员的精心诊治和护理，我市又有2例新冠肺炎患者治愈出院。2月13日上午，即墨区第2例、青岛市第14例新冠肺炎患者治愈出院。2月13日下午，市立医院又传来好消息，医院治愈第2例、青岛市第15例新冠肺炎患者出院了。（来源：青岛卫生健康公众号）O我市又有2例新冠肺炎患者治愈出院收起全文d
","

2020年02月13日21:34

??来自微博weibo.com"
蓝鲸财经记者工作平台,"
【鲸视频：童朝晖表示#患者与SARS相比病情进展更快#】北京朝阳医院副院长童朝晖表示：新冠肺炎患者出现的是严重的呼吸衰竭，与03年的SARS相比，病情进展得更快，缺氧发展得很明显；此外，这次患者心脏受到的攻击非常厉害，救治起来的难度比以前要大。因此，我们提出要密切观察这类患者的生命体征，比如心率、血压、血氧的变化。L人民日报的微博视频收起全文d
","

2020年02月13日21:37

??来自iPhone11"
唐山发布,"
【唐山市第八医院改造完成】#共同战疫#为抗击新冠肺炎疫情，唐山市住宅建设工程总公司临危受命，承接了唐山市第八医院隔离病房改造工程。面对时间紧、现场复杂、施工难度大的任务，住宅公司迅速行动、使命必达，积极与唐山工人医院和市第八医院对接，按照改造设计要求，编制细化施工方案，以“铁军”作风抢工期、抢进度，成为全市第一个完成隔离病房改造任务的单位。目前，改造后的32间隔离病房焕然一新，各项设施一应俱全，并顺利通过了验收，已具备收治新冠肺炎疑似病例的条件。收起全文d
","

2020年02月13日17:09

??来自微博weibo.com"
杭州发布,"
【口罩工作专班保质量、米油充足安心不急、复工复产驻企服务……浙江第十八场发布会带来这些消息】#关注#2月13日下午，关于新冠肺炎疫情防控工作，浙江省政府新闻办举行第十八场新闻发布会。O口罩工作专班保质量、米油充足安心不急、复工复产驻企服务……浙江第十八场发布会带来这些消息??","

2020年02月13日22:51

??来自政务直通车"
NRG千载一遇,"
nrg金焕城#金焕城0214生日快乐#在此疫情防控的关键时刻，站子决定以金焕城的名义将集资中的一部分(人民币2020元)捐赠给武汉市慈善总会，供武汉市新冠肺炎防控指挥部统一调配使用，向新冠肺炎的防控工作添一份微薄之力。感谢粉丝们一起凝聚善举，共渡难关。注:此次捐款作为金焕城生日应援的【一部分】进行。有关应援内容考量良久最终选择了更有意义的公益应援。其他生日应援全部完成后，将另行通知总结。收起全文d
","

2020年02月13日17:10

??来自nrg超话"
大河财立方,"
#河南在行动#【刚刚！郑州新增4例确诊病例详情公布，涉多个小区】大河财立方消息据郑州市疾病预防控制中心消息，2月12日0-24时，郑州市新增新冠肺炎确诊病例4例。截至2月12日0-24时，郑州市累计报告新冠肺炎确诊病例141例，其中治愈出院51例。O刚刚！郑州新增4例确诊病例详情公布，涉多个小区??","

2020年02月13日21:38

??来自微博weibo.com"
山东环境,"
【人民日报：打击滥食野味，严些，再严些——《野生动物保护法》等法律的修改进程提速】疾控部门和专家的初步调查研究表明，这次新冠肺炎疫情，很可能是野生动物传染给人类，并造成人际传播引起的。全国人大常委会法工委经济法室主任王瑞贺最近表示，为了坚决贯彻党中央关于为打赢疫情防控阻击战提供法治保障的各项部署，全国人大常委会法工委已经部署启动野生动物保护法的修改工作，拟将修改《野生动物保护法》增加列入常委会今年的立法工作计划，并加快《动物防疫法》等法律的修改进程。O打击滥食野味！野生动物保护法等法律修改进程提速收起全文d
","

2020年02月13日16:15

??来自微博weibo.com"
半月谈,"
【北京一聚集性疫情：#一家7口不在意亲戚确诊全部感染#】13日，北京市新冠肺炎疫情防控工作新闻发布会通报了一起聚集性疫情案例。一家人在聚餐8天后被亲戚告知确诊患病，却完全不当回事，仍然正常上班、逛超市……家里有人发病仍忍着不去医院。直到几天后孩子和大人相继发病，去医院接受疾控人员调查时才说出与确诊病例一起吃过饭的情况。但为时已晚，一家7口人全部“中招”。L北京日报都视频的微博视频收起全文d
","

2020年02月13日18:18

??来自iPhone客户端"
Dr_任,"
#童朝晖新冠肺炎比SARS病情进展快#开始可是说传染性强，比sars毒力弱，现在越来越进展快，大白肺，缺氧，心脏打击大，危重症抢救难??","

2020年02月13日22:23

"
光明日报,"
#疫情阻击动态#【#上海加速研究治疗新冠肺炎新药#】在13日举行的上海新冠肺炎疫情防控新闻发布会上，中国科学院院士陈凯先表示，在目前还没有特效药的情况下，上海市在积极推进一批已上市药物、或者至少已经具备一定临床研究基础的药物，包括羟氯喹等，开展抗新冠病毒肺炎新适应症药物研发。其中，氯喹在体外研究中已经展示出了很好的抗新型冠状病毒活性，已被国家科技部、卫健委作为临床试验药物。日前，中科院上海药物所、上药集团联合在上海市公共卫生临床中心启动了羟氯喹治疗新冠肺炎的临床试验。（光明日报全媒体记者任鹏）收起全文d
","

2020年02月13日19:20

??来自微博weibo.com"
PP国内足球,"
【铿锵玫瑰60天迎蜕变】深度评论>>>O铿锵玫瑰60天迎蜕变：精神与技战术双丰收能与世界强队抗衡若没有新冠肺炎，今天中国女足应该在武汉球迷助威声中，与澳大利亚女足展开对决……在疫情衍生造成的包括失去主场等困难面前，铿锵玫瑰团结一致，用三场精彩、提气的比赛，激励着与病毒斗争的祖国人民#武汉加油##梦想永不息#??","

2020年02月13日22:06

??来自微博weibo.com"
江卓尔_莱比特矿池,"
新冠肺炎爆发以来，一直都是坏消息，最坏的消息莫过于日韩法撤侨的检测感染率。不过现在，一个足以影响疫情发展的好消息终于来了：至少两家医药公司（博瑞医药、物产中大）开始仿制瑞德西韦。虽然公众还不知道新药实验的结果（医疗圈可能知道），不过既然两家公司已经仿制，那说明结果大概率是不错的。我已经修正了对疫情发展的预判了收起全文d
","

2020年02月13日16:52

??来自微博weibo.com"
USA美国那些事儿,"
俄罗斯两名女子从中国撤离，因担心感染了新冠肺炎而被隔离，随后两人竟分别从医院逃了出去。其中一名女子直接为自己的逃跑做了一个“详细的计划”。另一名女子直接从病房的窗户跳了出去。??","

2020年02月13日22:29

??来自微博weibo.com"
新浪陕西,"
#陕西防控新型肺炎#【除西安外陕西多地连续三天无新增确诊病例】@健康陕西通报，截至2月13日10时，陕西新增4例新冠肺炎确诊病例，新增疑似病例53例。新增确诊病例中，西安市4例。陕西累计报告新冠肺炎确诊病例229例（42例治愈出院），其中输入性病例115例，密切接触者100例，无明确接触史病例14例。通报内容显示，全省已累计42例新冠肺炎患者治愈出院。全省除西安之外，其他地区连续3天没有新增确诊病例。（华商网）收起全文d
","

2020年02月13日22:20

??来自微博weibo.com"
大越楚卿,"
洪森13日表示，他看到泰国媒体报道有关泰国一些餐厅拒绝接待中国游客的新闻，这些餐厅张贴告示牌，禁止中国游客进入餐厅用餐。“一些餐厅之前都靠中国游客，现在反而不欢迎中国游客，这是在扼杀自己，不会有好下场的啊！以后中国游客不会再光顾你的餐厅了。”洪森总理表示，尽管中国爆发新冠肺炎疫情，但不代表14亿中国人都感染新冠肺炎。作为病毒发源地的武汉市已经封城，中国政府采取最严格的防疫措施。“请大家换位思考，如果我们去到外国，那些国家说不要让柬埔寨人民进入餐厅用餐，禁止柬埔寨游客入境，我们作何感想？”洪森说：“中国人也是人，限制中国游客入境，禁止中国人住酒店，出租车拒载中国人，令中国人感受到很大的歧视。”洪森强调，一些国家和地区持有“不欢迎中国游客”的态度，此举等同扼杀自身国家经济。收起全文d
","

2020年02月13日19:45

??来自小米Max3大屏大电量"
天津发布,"
#天津生活#【@家长小朋友#新冠肺炎防护中小学生读本#来啦！】新型冠状病毒感染的肺炎是一种新发传染病，中小学校是人群高度聚集场所。近日，由@天津电子出版社出版制定了一份适用于中小学生和家长的防护读本。O网页链接??","

2020年02月13日21:40

??来自微博weibo.com"
多彩贵州网,"
#疫情防控贵州在行动#【再传捷报！黔西南州2名新冠肺炎患者治愈出院】继2月11日首例新冠肺炎患者治愈出院后，黔西南州新冠肺炎救治工作再传捷报，2月13日，黔西南州人民医院收治的2名确诊病例经医院专家和医护人员精心治疗，两次核酸检测阴性，达到临床治愈出院标准，于当日下午15时出院。至此，黔西南州共计3名患者治愈出院。收起全文d
","

2020年02月13日18:49

??来自HUAWEIMate305G"
长江日报,"
#遏制疫情在行动#【武汉启用10个“方舱医院”收治5600余人，另外7个将陆续投入运行】13日下午，武汉市青山区“方舱医院”开始收治新冠肺炎患者。至此，长江日报-长江网记者一线探访获悉，武汉市投入运行的“方舱医院”已达到十家。另有7家“方舱医院”正在加紧建设中，也将在近期启用↓O武汉启用10个“方舱医院”收治5600余人，另外7个将陆续投入运行收起全文d
","

2020年02月13日22:37

??来自微博weibo.com"
健康珠海,"
【好消息！10个月大的新冠肺炎患者在珠海治愈出院】2月13日下午，10个月的小宝宝从中山大学附属第五医院出院。广东省卫生健康委数据显示，她是目前广东省年龄最小的治愈出院患者。当天下午一起出院的还有另外5名患者，共计6人，包括小宝宝的爸爸、舅姥。1月21日，这名小宝宝随爸爸、妈妈等从武汉出发，1月22日达珠海后，小宝宝的舅姥、爸爸、外公、外婆随后出现身体不适，进入中山大学附属第五医院接受治疗，均确诊为新冠肺炎。小宝宝因“咳嗽、流涕2天”，于1月30日收治入院，1月31日确诊为新冠肺炎。为给儿童新冠肺炎患者提供最有效最专业的救治，中山大学附属第五医院将14岁以下患儿集中收治在感染楼隔离病区三楼，集中调派5名儿科骨干医生支援。其中，该院儿科郭毅副主任医师为负责人。郭毅副主任每日对这名10个月的小宝宝查房，严密观察患儿病情，并及时与家长沟通，告知患儿病情。经过5天治疗，2月6日患儿新型冠状病毒核酸检测转阴，2月10日患儿基本情况正常，血氧饱和度监测正常，2次（间隔24小时）咽拭子核酸检测阴性，复查胸部CT无异常，但新型冠状病毒肛周拭子核酸检测仍为阳性。经医院专家组讨论后，将患儿转至过度病房过度隔离观察。2月11日，小宝宝肛周拭子核酸检测阴性，达到出院标准，于2月13日出院。省卫生健康委数据显示，她是目前广东省年龄最小的治愈出院患者。小宝宝的爸爸、舅姥也达到出院标准，同日出院。目前，小宝宝的外公、外婆病情稳定，但尚需进一步在院治疗。来源|羊城派收起全文d
","

2020年02月13日16:10

??来自360安全浏览器"
汉中发布,"
【两部门：#绩效分配向防疫一线人员倾斜#，#事业单位人员隔离期待遇按出勤对待#】近日，人力资源社会保障部、财政部印发通知要求，疫情防控期间，各级人力资源社会保障、财政部门向承担新型冠状病毒肺炎疫情防控任务重、风险程度高的医疗卫生机构核增一次性绩效工资总量，不作为绩效工资总量基数。有关单位在内部分配时，要向敢于担当、勇挑重担、加班加点参加疫情防控的一线工作人员特别是作出突出成绩的人员倾斜。新型冠状病毒肺炎患者、疑似病人、密切接触者在其隔离治疗期间或医学观察期间以及因政府实施隔离措施或采取其他紧急措施导致不能提供正常劳动的事业单位工作人员，在此期间的工资、福利待遇由其所属单位按出勤对待。#防控新冠肺炎汉中在行动#收起全文d
","

2020年02月13日22:28

??来自微博weibo.com"
肝胆外科罗大夫,"
头晕恶心闷闷的感觉、乏力，看起来像感冒初期，我的建议就是少量多次喝水。再说说新冠肺炎吧……钟南山院士团队最新发布的论文统计了1099名各地的新型冠状病毒患者的情况，这篇论文是目前病例数最多的回顾性研究论文。从论文的结论来看，发热仍然是目前所认识的新冠肺炎最典型的表现。但是有超过一半的人早期没有发热的表现，也就是3到5天的时间内没有发热。但确诊新型冠状病毒肺炎的这1099位患者中，最终还是有接近9成的人出现了发热。题主是初三，也就是2月1日有疑似接触史，如果按大多数人的表现，2月8日应该会出现发热，但是没有出现，可以考虑不是新冠肺炎。但是建议不串门、不聚集、戴好口罩，居家观察满14天。继续说说新冠肺炎的症状吧。新型冠肺炎症状可能是乏力、干咳、发热、咽痛、流鼻涕、鼻塞、腹泻。乏力与重感冒时的感受相似，类似于中医发痧的感觉，如果有过这种感受的人应该比较容易理解。前面提到了钟南山院士的论文提到超过一半的人前期不会有发烧，这个时间是从接触史开始算起。所以从疑似接触开始，早期我们需要关注的是有没有乏力、干咳、咽痛、流鼻涕、鼻塞、腹泻。也有直接表现为肺部疾病表现的呼吸困难，这种情况为老年人，以及合并心脏病、肺部慢性病的人居多。新型肺炎与普通肺炎、感冒难以区分，所以需要专业的发热门诊、呼吸科专家排除。下面的几点很关键：1.接触史。在武汉及周边地区住过；接触过武汉及周边民众；接触过核酸阳性的人；家庭朋友聚会以后有很多人发病。2.肺部CT表现为磨玻璃影或者浸润影（CT片上看肺部一片白影）。3.新型冠状病毒核酸检测阳性，或者基因检测阳性。其中肺部CT和核酸检测是诊断新冠肺炎的关键。检查难度也依次增大。所以，在不少人对医生提出质疑时（很多人总是调侃医生离不开检查），医生已经在运用现代的检查手段为大家精准判断。#健康中国2030##疫情指南针#O近几天头晕恶心感觉闷闷的，没有干咳发热的症状，有些乏力，或许会不会是被感染了?收起全文d
","

2020年02月13日21:34

??来自iPhone客户端"
汉中发布,"
#防控新冠肺炎汉中在行动#【西乡县连续8天无新增，全县暂无疑似病例】　　2月13日，记者从我市举行的全市新冠肺炎疫情防控应急工作第四场新闻发布会上获悉，截至2月13日上午10时，西乡县累计排查出确诊患者、疑似患者及与其密切接触人员560人，累计解除疑似病例11人，目前暂无疑似病例。全县已连续8天无新增确诊病例。　　截至13日上午10时，西乡县共筹集资金1915.94万元，累计筹集口罩59730个、84消毒液50620斤、酒精14020斤、过氧乙酸10680斤等防控物资，采购救护车1辆、呼吸机12台等医疗设备，均及时配发到防控一线。收起全文d
","

2020年02月13日22:10

??来自微博weibo.com"
新财富杂志,"
#分析师看疫情#【加大宏观调节力度，股债双牛可能持续】中信证券明明：中共中央政治局常务委员会2月12日召开会议，听取应对新型冠状病毒感染肺炎疫情工作领导小组汇报，分析当前新冠肺炎疫情形势，研究加强疫情防控工作。本次会议内容涉及战疫部署、财政政策、货币政策、就业政策和产业政策等方面，提出坚决打赢疫情防控的人民战争、总体战和阻击战目标的同时，也提出要努力实现今年经济社会发展目标任务。说明当前政策更加注重疫情防控与经济增长的统筹安排，预计后续政策将在做好疫情防控的前提下，妥善安排各类企业复工复产，加大逆周期调节力度。疫情发生后，货币政策多措并举，积极响应。2月3日至4日，央行进行大额公开市场操作并下调利率，累计投放流动性1.7万亿元，7天和14天逆回购中标利率均下调10bp至2.40%和2.55%，保证市场充分的流动性。此外，央行建立多项措施便利企业发债，提高债券审核发行效率，并设立3000亿元专项再贷款主动对接疫情防控重点企业的融资需求，缓解企业资金压力。降成本目标下货币政策宽松空间犹存。2020年货币政策的主线是逆周期和降成本，而降息和利率市场化改革是降成本的主要抓手。考虑到OMO利率已经下调10bp，央行接下来可能会相继下调MLF利率和LPR。从全年来看，我们认为LPR有40bp左右下行空间，对应政策利率除去本次降息10bp后仍存10~20bp的降息空间。疫情将对全年财政空间形成冲击。疫情发生以来，减税降费、财政补贴和财政贴息等积极财政手段有效发力，预计针对疫情的财政支出金额在1000-1500亿元区间，占全年财政支出的比例可能不会超过0.5%。除紧急的财政支出外，财政未来还将采取相应的结构性减税措施来缓解疫情给部分企业带来的经营压力，对全年财政收入的影响可能在5个百分点以上，减税规模大概率超过1万亿。疫情冲击下，财政平衡的困境有望通过多种积极财政手段合力解决。在疫情对财政收支造成的压力下，上调赤字率和地方债新增限额的必要性进一步提升，预计3%大概率会成为赤字率的下限，专项债增发幅度预计会达到3.35万亿左右。“战疫”专题债券的逐步发行，有望助力疫情防控企业获得资金支持。此外，地产调控或边际放松，预计“以支定收”土地出让将对财政收入形成增量贡献。O加大宏观调节力度，股债双牛可能持续收起全文d
","

2020年02月13日21:35

??来自微博weibo.com"
东南早报,"
【紧急寻人！泉州：老人误以为得新冠肺炎，怕传染家人，已失联57小时！】黄飞轮，男，63岁，南安市美林街道溪江村14队人，身高1.65cm左右，体型偏瘦，于11日下午1时从家中出走，至今未归。出走时身穿灰黑色外套，黑色长裤，面带口罩。黄飞轮的儿子黄先生告诉记者，“他前几天开始就有点反常，昨天精神状态好了一点，没想到就出事了。”据黄先生介绍，黄飞轮在正月初一时曾患有感冒，在南安中医院治好回家。因为疫情的缘故，让黄飞轮以为自己也感染上了病毒，除了平时喊他吃饭，便自己躺在床上，也不怎么和人说话。“他可能就是怕传染给家人。”黄先生表示，父亲如今年纪大了，可能有点老年痴呆症，目前家人非常着急，就怕他出了意外。这两天即将迎来降温，不知老人在外面有没有吃饱穿暖，希望广大网友一有黄飞轮消息请及时联系其家属，联系电话:1385076875118350568855收起全文d
","

2020年02月13日22:24

??来自iPhone客户端"
深圳卫健委,"
【深圳医保再发“战疫”5条，门诊筛查无需个人“掏腰包”】近日，深圳市医保局联合市财政局、市卫生健康委印发《关于加大力度做好新冠肺炎疫情医疗保障工作的通知》，进一步完善新冠肺炎患者医疗保障政策，核酸检测、胸部CT等筛查费用纳入医保支付，确保确认疑似和确诊新冠肺炎参保患者所有救治费用个人无需负担。1????门诊筛查无需掏“个人”腰包对新冠肺炎筛查对象在发热门诊发生的门诊筛查费用，包括但不限于胸部CT、核酸检测、血常规检查等项目，全部临时纳入医保基金支付范围，全部筛查费用由医保基金和财政资金负担，个人无需支付费用。截至2月12日，市医保局已新增630万医保疫情防控专项预付金用于支持医疗机构开展CT筛查。2????住院费用全包确认疑似和确诊新冠肺炎参保患者无论在初诊医疗机构还是定点或非定点救治医院，发生的门急诊、留观、住院医疗费用，以及救治过程中治疗基础病、合并症、并发症、其他疾病中感染等费用，全部纳入医保基金支付范围。3????报销不设最高限额确认疑似和确诊新冠肺炎参保患者在发热门诊开展的筛查项目费用和救治发生的门急诊、留观医疗费用，享受住院报销待遇，取消起付标准，不设医保基金最高支付限额。4????不算入医院医保总额对救治参保患者发生的门诊及住院医疗费用均按项目付费，实行单列结算，不纳入医疗机构医保总额预算控制指标，保障医疗机构救治时无需顾虑药品和诊疗项目价格，不降低医疗服务质量。5????慢性病用药一次可开足3个月疫情期间，为避免人员聚集，对参保人实施“长处方”医保报销政策，支持全市医疗卫生机构（含社区健康服务中心）根据患者情况，合理增加单次处方用药量；对高血压、糖尿病等慢性病患者经诊治医生（全科医生）评估后，支持将处方用药量放宽至三个月，医保予以报销。收起全文d
","

2020年02月13日20:01

"
健康时报,"
【童朝晖：新冠肺炎比SARS病情进展快】北京朝阳医院副院长童朝晖表示：新冠肺炎患者出现的是严重的呼吸衰竭，与03年的SARS相比，病情进展得更快，缺氧发展得很明显；此外，这次患者心脏受到的攻击非常厉害，救治起来的难度比以前要大。因此，我们提出要密切观察这类患者的生命体征，比如心率、血压、血氧的变化。L人民日报的微博视频收起全文d
","

2020年02月13日21:56

??来自微博weibo.com"
老郭说事_,"
#日本钻石公主号累计确诊218例#我一直关注着邮轮疫情状况，犹如在看一部恐怖科幻片，剧情越来越残酷，“钻石公主”号邮轮上乘客与乘务员中确诊的新冠肺炎感染昨天人数为174人。今天就变成了218了，这个病毒传染力有点过于快速了，甚至进行检疫工作的人员也感染新冠肺炎。这给大家一个严重警告，也让大家重新认识到病毒的破坏力有多大，大家一定不要掉以轻心，必须做好日常防护工作，如果人人都能保护好自己和家人那就是抗疫胜利！收起全文d
","

2020年02月13日13:51

??来自华为手机畅享玩不停"
长江云官方微博,"
#湖北发布会##湖北加油武汉挺住##相信武汉#目前，武汉市新冠肺炎重症救治进展情况怎样？今天（2月13日）晚上九点，湖北省新型冠状病毒肺炎疫情防控工作指挥部召开第23场新闻发布会，邀请相关医院负责人，介绍情况并回答记者提问。L长江云官方微博的微博视频.??","

2020年02月13日21:00

??来自微博原生直播"
香港文匯網,"
【#2000港人滞留湖北#沈祖尧:若返港需安排地方做真正隔离】内地新冠病毒肺炎疫情持续，现时有2000多名港人滞留湖北省。港府昨日公布，有10名在湖北的港人确诊新冠肺炎。有立法会议员表示收到滞留湖北港人求助，盼返回香港。中大莫庆尧医学讲座教授沈祖尧13日在接受大公文汇全媒体记者专访时表示，港府应对此作出应变，若接回这2000名港人，需要安排地方做到真正的隔离，以免增加本地传染风险。O2000港人滯留湖北沈祖堯：若返港需安排地方做真正隔離L香港文匯網的微博视频收起全文d
","

2020年02月13日20:19

??来自微博视频"
秦锐评,"
【汇聚战“疫”力量，答好“民生答卷”】#共同战疫##抗疫行动#民生无小事，枝叶总关情。做好保障和改善民生工作，必须坚决打赢新冠肺炎疫情防控这场硬仗、大仗。当前，疫情防控正处于胶着对垒状态。关键时刻，更应在党的领导下，集结14亿多中华儿女之力，以更坚定的信心、更顽强的意志、更果断的措施，坚决把疫情扩散蔓延势头遏制住。O网页链接收起全文d
","

2020年02月13日14:29

??来自HUAWEIP30"
深圳吃喝玩乐游,"
这几天大家都陆续复工了吧，新冠肺炎潜伏期最长有14天，所以一定要对自己乘坐过的交通工具格外注意！推荐一个方便的工具：搜狗搜索APP上的#患者同程查询#功能可以查到是否跟确诊或疑似肺炎患者同程过，方便做好自我排查和防护工作O网页链接另外，在家隔离期间，也要时刻关注是否接触过疑似病例，在“患者小区查询”功能中，能查到你周围小区疫情感染情况跟你的距离！及时了解信息，做好防护！转需！收起全文d
","

2020年02月13日22:40

??来自微博weibo.com"
山东环境,"
【这场“战疫”，习近平这样排兵布阵】2月10日下午，习近平在北京调研指导新冠肺炎疫情防控工作；12日，又主持召开中共中央政治局常委会会议，分析当前疫情形势，研究加强疫情防控工作。疫情发生以来，习近平对“战疫”作出一系列重大部署。（新华网）??","

2020年02月13日21:20

??来自微博weibo.com"
汉中发布,"
#防控新冠肺炎汉中在行动#【汉中公安处置涉及疫情防控的报警1488起，累计查车344105台次、查人373280人次】2月13日，记者从我市举行的全市新冠肺炎疫情防控应急工作第四场新闻发布会上获悉，1月22日以来，全市公安机关共处置涉及疫情防控的报警1488起；依法查处阻碍执行公务案件12起；受理行政案件9起，行政拘留8人，行政罚款5人；查处以销售口罩为名实施诈骗案件2起，行政拘留2人；查办销售假冒伪劣口罩案件3起。共发现查处网上谣言等有害信息132条，查处行政案件8起，行政处罚9人，批评教育83人；发布“汉中网警”辟谣、警示信息115次。累计查车344105台次、查人373280人次，劝返重点地区车辆3431辆。（汉中日报记者朱媛媛）收起全文d
","

2020年02月13日22:20

??来自微博weibo.com"
德州环境,"
【人民日报：打击滥食野味，严些，再严些——《野生动物保护法》等法律的修改进程提速】疾控部门和专家的初步调查研究表明，这次新冠肺炎疫情，很可能是野生动物传染给人类，并造成人际传播引起的。全国人大常委会法工委经济法室主任王瑞贺最近表示，为了坚决贯彻党中央关于为打赢疫情防控阻击战提供法治保障的各项部署，全国人大常委会法工委已经部署启动野生动物保护法的修改工作，拟将修改《野生动物保护法》增加列入常委会今年的立法工作计划，并加快《动物防疫法》等法律的修改进程。『打击滥食野味！野生动物保护法等法律修改进程提速--上海频道--人民网』O打击滥食野味！野生动物保护法等法律修改进程提速收起全文d
","

2020年02月13日21:22

??来自荣耀V10我AI的快"
北京人北京事儿,"
【#童朝晖新冠肺炎比SARS病情进展快#，比sars传染高进展快潜伏期长】北京朝阳医院副院长童朝晖表示：新冠肺炎患者出现的是严重的呼吸衰竭，与03年的SARS相比，病情进展得更快，缺氧发展得很明显；此外，这次患者心脏受到的攻击非常厉害，救治起来的难度比以前要大。因此，我们提出要密切观察这类患者的生命体征，比如心率、血压、血氧的变化。#北京爆料#L人民日报的微博视频收起全文d
","

2020年02月13日22:31

"
RETRIP日本攻略,"
#日本出现首例新冠肺炎死亡病例#补充速报：这名死亡病例的80多岁女性是今天确诊的另外一位东京出租车司机的義母(岳母）...经证实这两位确诊患者都没有去过中国，出租车司机近期也没有接送过中国游客……今天还有两例确诊，和歌山县的医生和千叶县20代男性，这两例也都没有去过中国没有接触过中国人...2日本收起全文d
","

2020年02月13日21:37

??来自iPhone11ProMax"
深蓝财经,"
【中央指导组医疗救治组专家：新冠肺炎比SARS呼吸衰竭进展得更快，心脏受到的攻击更厉害】中央指导组医疗救治组专家、北京朝阳医院副院长童朝晖：我们发现新冠肺炎的患者，他出现的是一种严重ARDS，就是严重呼吸衰竭，与2003年非典相比，这一次呼吸衰竭进展的更快，缺氧有时候发展很明显。和2003年非典相比，这一次患者心脏受到攻击也非常厉害，分析这些患者心脏肌酐蛋白，是非常特异的，有是增高比例非常高，所以我们觉得这一类病人救治起来难度比以前要大，也比我们平时救治ARDS的难度要大。（中国新闻网）收起全文d
","

2020年02月13日22:07

??来自微博weibo.com"
徐付群,"
【专家：新冠肺炎比萨斯病情进展快】北京朝阳医院副院长童朝晖表示：新冠肺炎患者出现的是严重的呼吸衰竭，与2003年SARS相比病情进展更快，缺氧发展得很明显；患者心脏受到攻击非常厉害，救治难度大，因此要密切观察心率、血压、血氧的变化。L人民日报的微博视频【评】正因其势如虎，所以要更加警惕、小心防范。必须千方百计切断传播链条。收起全文d
","

2020年02月13日22:45

??来自HUAWEIMate20Pro"
新财富杂志,"
【童朝晖：#新冠肺炎比SARS病情进展快#】北京朝阳医院副院长童朝晖表示：新冠肺炎患者出现的是严重的呼吸衰竭，与03年的SARS相比，病情进展得更快，缺氧发展得很明显；此外，这次患者心脏受到的攻击非常厉害，救治起来的难度比以前要大。因此，我们提出要密切观察这类患者的生命体征，比如心率、血压、血氧的变化。@人民日报L人民日报的微博视频收起全文d
","

2020年02月13日21:52

??来自iPhone8Plus"
湖北日报,"
【中央：#促进中医药深度介入诊疗#】2月13日召开的中央应对新冠肺炎疫情工作领导小组会议要求：强化中西医结合，促进中医药深度介入诊疗全过程，#及时推广有效方药和中成药#。加快药物临床试验，有效的要抓紧向救治一线投放，提高治愈率、降低病亡率。（新华社）??","

2020年02月13日22:50

??来自微博weibo.com"
五星体育,"
#体育总局通报表扬女篮和冰雪健将#国家体育总局发文，对中国女子篮球队和隋文静、韩聪、刘佳宇、任子威等运动员通报表扬——在全国人民万众一心、众志成城抗击新冠肺炎疫情的关键时刻，我国体育健儿在国际体育赛场上奋勇拼搏、捷报频传，中国女子篮球队在奥运会预选赛中三战全胜进军东京奥运会，隋文静、韩聪六夺国际滑联花样滑冰四大洲锦标赛双人滑项目冠军，刘佳宇问鼎国际顶级单板滑雪赛事冠军，任子威夺得短道速滑世界杯分站赛1500米冠军。优异成绩的取得，充分展现了中华体育精神，彰显了中国体育力量，传递了磅礴的体育正能量，极大地激发了全国人民战胜疫情的必胜信念和团结奋进的英雄气概。经研究决定，现对中国女子篮球队和隋文静、韩聪、刘佳宇、任子威予以通报表扬。收起全文d
","

2020年02月13日22:55

??来自微博weibo.com"
人民视频,"
#抗疫朋友圈#【童朝晖：#新冠肺炎比SARS病情进展快#】北京朝阳医院副院长童朝晖表示：新冠肺炎患者出现的是严重的呼吸衰竭，与03年的SARS相比，病情进展得更快，缺氧发展得很明显；此外，这次患者心脏受到的攻击非常厉害，救治起来的难度比以前要大。#人民战疫#L人民视频的微博视频??","

2020年02月13日22:13

??来自微博云剪"
价值投资日志,"
【曾光：把湖北这14000多病人报出来，我认为是好事】2月13日16时，环球时报总编辑胡锡进对话中国疾控中心流行病学首席科学家曾光，解读返工大潮下疫情防控要点和疫情的发展趋势。曾光：今天宣布有14000多个病例，以前我考虑，在什么情况下我看不清楚，它的实际情况有这几个特征，病死率、死亡数非常高。为什么这么高？一定防控有漏洞，涉及到老年人群，慢性病人群，另外还有医务人员，医务人员感染为什么这么高？说明应对准备没有做好，还有漏洞。但这些都是十几天前的事情。所以这次出现这个情况我一点也不意外，我觉得武汉和湖北省正在走向正确的道路。前几天，他们把病人，有四个收容，把确诊病例都要收容，疑似病例收容，而且一人一间，密切接触者要集中观察，还有发现的聚集性病例，这个措施是很强有力的措施。湖北省和武汉市执行难度很大。把这一万四千多病人，报出来我认为是好事儿。把过去存在的一些潜在问题都清理出来，清理出来有几个好处，首先这些人住院方便了，能够及时治疗，减少危重病人，减少病死率很重要。#湖北新增14840例新冠肺炎##最新疫情地图##战疫打卡行动#收起全文d
","

2020年02月13日21:44

??来自iPhoneX"
陇南武都发布,"
#关注新冠肺炎#【国家卫健委：500多名治愈患者中92%早期使用抗病毒治疗】在13日举行的国务院联防联控机制新闻发布会上，国家卫生健康委医政医管局监察专员郭燕红表示，我们组织专家对治愈出院病人当中的597例进行了初步分析，90%左右是诊疗方案当中的轻型和普通型，10%是重症和危重症。这些病例平均住院10天左右，92%的患者早期使用抗病毒治疗或者抗病毒治疗联合对症治疗，积极的呼吸支持、循环支持，效果也非常好。一些新技术、新方法，包括中医药的优势，都对病人的转归发挥一定的作用。（新华视点）收起全文d
","

2020年02月13日22:19

??来自360安全浏览器"
临夏发布,"
【临夏州第三例新冠肺炎患者康复出院及时完成医保结算】2月13日，临夏州人民医院救治的新冠肺炎患者敏某某康复出院后，州医疗保障局立即安排相关科室就参保患者医保异地备案及审核报销与州人民医院医保办主动对接。在前期及时拨付医保专项预付金的基础上，于出院当天成功办理医保结算报销。截止目前，全州确诊的三例患者全部治愈出院并完成医保“一站式”报销结算。（来源：看临夏）收起全文d
","

2020年02月13日21:59

??来自微博weibo.com"
北京人北京事儿,"
【#金银潭医院恳请康复患者捐献血浆#，早日结束这次战争】武汉金银潭医院院长张定宇：我们医院目前在开展康复病人恢复期血浆的输入，目前显示出初步的效果。康复的患者体内有大量的综合抗体，能对抗病毒。在此也恳请康复患者，积极来到我们医院，捐献宝贵的血浆，共同拯救还在与病魔斗争的病人！L央视新闻的微博视频#全国累计确诊新冠肺炎59804例#收起全文d
","

2020年02月13日22:42

"
燕赵都市报,"
【#童朝晖新冠肺炎比SARS病情进展快#】北京朝阳医院副院长童朝晖表示：新冠肺炎患者出现的是严重的呼吸衰竭，与03年的SARS相比，病情进展得更快，缺氧发展得很明显；此外，这次患者心脏受到的攻击非常厉害，救治起来的难度比以前要大。因此，我们提出要密切观察这类患者的生命体征，比如心率、血压、血氧的变化。L人民日报的微博视频收起全文d
","

2020年02月13日21:46

??来自微博weibo.com"
华西社区报官博,"
#患者康复后体内含抗体#【金银潭医院院长：#恳请康复患者捐赠血浆#】武汉市金银潭医院院长张定宇表示，患者康复后体内含有大量综合抗体，能够对抗病毒，也恳请康复后的患者积极来到金银潭医院，伸出你的胳膊，捐献你宝贵的血浆，共同救治还在与病魔作斗争的病人。（人民日报）#新冠肺炎比SARS病情进展快##新冠肺炎比SARS病情进展更快#L人民日报的微博视频??????收起全文d
","

2020年02月13日21:59

"
山西政法,"
【童朝晖：#新冠肺炎比SARS病情进展快#】北京朝阳医院副院长童朝晖表示：新冠肺炎患者出现的是严重的呼吸衰竭，与03年的SARS相比，病情进展得更快，缺氧发展得很明显；此外，这次患者心脏受到的攻击非常厉害，救治起来的难度比以前要大。因此，我们提出要密切观察这类患者的生命体征，比如心率、血压、血氧的变化。L人民日报的微博视频收起全文d
","

2020年02月13日21:59

??来自iPhone客户端"
深夜剧透社,"
周冬雨在节目里说了一句不认识防弹少年团，结果就被骂了，#防治新冠肺炎饮食指南#粉丝说周冬雨是不是没通网？连防弹少年团都不认识？????????真尴尬??","

2020年02月13日11:13

??来自微博weibo.com"
究竟视频,"
【童朝晖：新冠肺炎比SARS病情进展快】2月13日，在湖北省召开的疫情防控工作新闻发布会上，北京朝阳医院副院长童朝晖表示，新冠肺炎患者出现的是严重的呼吸衰竭，与03年的SARS相比，病情进展得更快，缺氧发展得很明显。此外，这次患者心脏受到的攻击非常厉害，救治起来的难度比以前要大。因此，我们提出要密切观察这类患者的生命体征，比如心率、血压、血氧的变化。L究竟视频的秒拍视频收起全文d
","

2020年02月13日22:20

??来自微博weibo.com"
西部网,"
#关注新冠肺炎#【口罩进价六毛卖1元属哄抬物价？律师：不能只看进销差金额“一刀切”】近日，湖北洪湖一药店因将进价6毛的口罩1块钱售卖被罚没5.68万元引起广泛关注。进销价差4毛算哄抬价格吗？哄抬物价的标准又是什么？律师指出，湖北省市场监管局的行为虽然符合法律规定，但在执法时应结合产品具体情况，不能只看进销差金额“一刀切”。#对此你想说#@中新视频L中新视频的秒拍视频收起全文d
","

2020年02月13日22:38

??来自iPhone客户端"
胥荣东主任医师,"
【北京一聚集性疫情：#一家7口不在意亲戚确诊全部感染#】L北京日报都视频的微博视频13日，北京市新冠肺炎疫情防控工作新闻发布会通报了一起聚集性疫情案例。一家人在聚餐8天后被亲戚告知确诊患病，却完全不当回事，仍然正常上班、逛超市……家里有人发病仍忍着不去医院。直到几天后孩子和大人相继发病，去医院接受疾控人员调查时才说出与确诊病例一起吃过饭的情况。但为时已晚，一家7口人全部“中招”。收起全文d
","

2020年02月13日22:37

??来自微博weibo.com"
日本共同社,"
【日本国内出现首个新冠肺炎死亡病例】日本厚生劳动省13日发布消息称，一名感染了新型冠状病毒的家住神奈川县的80多岁女性死亡。这是日本国内的首个新冠肺炎死亡病例。该女性死亡后被确诊感染。O网页链接??","

2020年02月13日22:21

??来自专业版微博"
品玩,"
【#治疗性新冠特免血浆制品投入临床#】日前，在新冠肺炎治疗方面传来重磅消息。中国生物CNBG已完成对部分康复者血浆的采集工作，开展新冠病毒特免血浆制品和特免球蛋白的制备。经过严格的血液生物安全性检测，病毒灭活，抗病毒活性检测等，已成功制备出用于临床治疗的特免血浆！在各方紧密合作下，2月8日，以新型冠状病毒感染的肺炎诊疗方案（试行第五版）为指南，首期在江夏区第一人民医院开展了3名危重患者的新冠特免血浆治疗，目前连同后续医院治疗的危重病人超过了10人。临床反映，患者接受治疗12至24小时后，实验室检测主要炎症指标明显下降！淋巴细胞比例上升，血氧饱和度、病毒载量等重点指标全面向好，临床体征和症状明显好转。（界面新闻）收起全文d
","

2020年02月13日22:47

??来自iPhone客户端"
老记宋军,"
【#日本批准钻石公主号部分乘客提前下船#】2月13日，日本厚生劳动省称“钻石公主号”邮轮上过半乘客是老年人易感染，因此将做特殊安排，让80岁以上、患慢性病和封闭船舱乘客提前下船，在指定住所继续隔离。目前“钻石公主号”上新冠肺炎累计确诊病例已达218例。#日本钻石公主号累计确诊218例#（视频来源：综合网络）O日本官方正式批准邮轮部分乘客提前下船L澎湃新闻的微博视频2南京收起全文d
","

2020年02月13日21:41

??来自华为麦芒5"
昆明五华发布,"
#加强疫情防控云南在行动#【云南重点场所如何防范新冠肺炎“十问十答”之八：临近开学，学校和托幼机构如何做好疫情防控？】??????@云南发布??","

2020年02月13日21:27

"
中国工业报,"
【工信部：关于涉新冠肺炎疫情的网络安全风险提示】近期，工信部网络安全威胁信息共享平台收到网络安全企业及机构报告，发现多起利用新冠肺炎疫情实施网络攻击的行为。经研判分析，攻击者利用疫情对公众的心理影响，将计算机病毒、木马、移动恶意程序等伪装成包含“肺炎病例”“防护通知”等热门字样的信息，通过钓鱼邮件、恶意链接等方式传播，一旦点击下载，可能导致计算机、手机等终端设备被窃取信息或远程控制。为降低网络安全风险，工信部网络安全管理局组织相关单位加大对伪装成疫情信息传播计算机病毒、木马、移动恶意程序等监测力度，采取了屏蔽病毒木马控制端、下载恶意程序等措施，对发现的网络威胁进行处置。同时，提醒公众提高网络安全风险意识，采取以下措施进行防范：一、不轻易打开来历不明的电子邮件及其附件。二、不轻易点击短信或微信中不明来源的链接。三、从正规应用商店或官方网站下载安装应用程序。四、安装杀毒软件并及时更新。下一步，工信部网络安全管理局将继续组织加强涉疫情网络安全威胁监测与处置工作，欢迎向工信部网络安全威胁信息共享平台（网址O网页链接，邮箱cstisaccount@caict.ac.cn）报送涉疫情相关网络威胁信息线索，切实维护网络秩序和公共利益。#共同战疫##抗疫行动##新型冠状病毒感染肺炎##坚守共赢胜利#收起全文d
","

2020年02月13日22:50

??来自微博weibo.com"
检察日报,"
【童朝晖：#新冠肺炎比SARS病情进展快#】北京朝阳医院副院长童朝晖表示：新冠肺炎患者出现的是严重的呼吸衰竭，与03年的SARS相比，病情进展得更快，缺氧发展得很明显；此外，这次患者心脏受到的攻击非常厉害，救治起来的难度比以前要大。因此，我们提出要密切观察这类患者的生命体征，比如心率、血压、血氧的变化。L人民日报的微博视频收起全文d
","

2020年02月13日21:48

??来自专业版微博"
昆明五华发布,"
#加强疫情防控云南在行动#【云南重点场所如何防范新冠肺炎“十问十答”之九：普通家庭居家生活应该如何消毒？】??????@云南发布??","

2020年02月13日21:28

"
南昌发布,"
#抗击疫情江西在行动#江西省文化和旅游厅印发关于应对新冠肺炎疫情支持文化和旅游企业共渡难关的10条措施的通知??","

2020年02月13日22:51

??来自微博weibo.com"
南宁发布,"
#战胜疫情南宁在行动##抗击疫情南宁在行动#【商场新冠肺炎防控指南】根据目前对新冠肺炎疾病的认识，提出商场类防控指南如下。O商场新冠肺炎防控指南??","

2020年02月13日22:50

??来自微博weibo.com"
陇南武都发布,"
#关注新冠肺炎#【好消息！#武大人民医院首例新冠肺炎孕妇出院#】2月11日，经过17天的治疗，32岁的新冠肺炎孕妈妈程潇(化名)终于顺利出院，回家隔离休养，并将按照医嘱定时产检。目前，她腹中30周大的胎儿发育正常。准妈妈，加油！武汉大学人民医院首例新冠肺炎孕妇出院-中新网O武汉大学人民医院首例新冠肺炎孕妇出院??","

2020年02月13日22:19

??来自360安全浏览器"
