名字,正文,时间,text_result
"
叫我路哥哥_",666,20200310-20200630,1
"
一日九赤郎",不不不我意思是，怎么会这样？一看印度啊，那正常 ,20200310-20200630,0
"
妖妖饼是猪猪",也有事好吧 ,20200310-20200630,1
"
一日九赤郎",woc？？？哦，印度啊...那没事儿了 ,20200310-20200630,0
"
是百吉",啊这… ,20200310-20200630,0
"
nukes007",牛逼 ,20200310-20200630,1
"
为了成材",你煽动的？ ,20200310-20200630,0
"
大气颗粒物",没事，不是去印度，我手滑转了 ,20200310-20200630,0
"
满分陈大哥",我明天正准备去太原参加婚礼 一点开就看见你这个 ,20200310-20200630,0
"
贾一龙是我",那是扇动的好不好？ ,20200310-20200630,0
"
雾灵",迷之操作。。疫情还聚会 ,20200310-20200630,0
"
为了成材",那砸中国商品的也不是印度人而是印度政府和印度媒体？ ,20200310-20200630,0
"
贾一龙是我",真真正正喷中国人民的不是印度人民而是印度政府和印度媒体。 ,20200310-20200630,0
"
奴江陆生",天真的服气 对对对你理解满分 ,20200310-20200630,1
"
Be_In_Tower",我靠 ,20200310-20200630,1
"
最爱我家恩恩猪",她要是刚好来了大姨妈，那她连房都不能进 ,20200310-20200630,1
"
白露未晞青草依依",喜酒和丧酒隔得太近了 让亲戚破费了 ,20200310-20200630,1
"
0你怎么这么可爱0",额 哈哈哈哈哈哈哈 ,20200310-20200630,1
"
香辣吉丝儿",新郎去世可还行 ,20200310-20200630,0
"
宠着毛不易的吴小贱",我靠，好惨 ,20200310-20200630,0
"
季秋三月",这都能杠，呵呵 ,20200310-20200630,0
"
章鱼丸的奶油花",可以写小说了 惨一个字 ,20200310-20200630,0
"
RealMadrid9947",别瞎说 人家可是世界上最大的民主国家 ,20200310-20200630,1
"
谁是诺二呀",哈哈哈哈你太可爱了 ,20200310-20200630,1
"
素菲Elsa",嗯嗯。有可能。。在阿三里 女人地位低。 ,20200310-20200630,1
"
塔子空",火速冥婚了 ,20200310-20200630,0
"
我没有六尺高L",亏大了 ,20200310-20200630,0
"
我没有六尺高L",黑暗社会 ,20200310-20200630,0
"
我没有六尺高L",黑暗社会 ,20200310-20200630,0
"
我没有六尺高L",确实惨 ,20200310-20200630,0
"
女诡凉饭团",可怕 ,20200310-20200630,0
"
SugarPXL",是哪个国家都有，但是没有印度这么多，印度现在反华，这就是报应 ,20200310-20200630,1
"
采姑娘的隔壁小王",奥利给，giao ,20200310-20200630,1
"
爱拼才会Winmetawin",嘿嘿，这种事故哪里都有哦，倒是不必特指某个国家或地区嘞 ,20200310-20200630,1
"
爱拼才会Winmetawin",我想表达的是这种意外事故哪里都有，我看你的阅读理解能力堪忧啊 ,20200310-20200630,1
"
天地英雄jin",嘿嘿 ,20200310-20200630,0
"
就想叫小太陽",真挺不好意思我竟然笑了… ,20200310-20200630,1
"
BRIERE_HUNG",迷幻 ,20200310-20200630,0
"
夏沫white",哈哈，那太残忍了吧 ,20200310-20200630,0
"
雷亚龙",这都能佩服，呵呵 ,20200310-20200630,0
"
做个容嬷嬷一样毒的女人-",喜事丧办 ,20200310-20200630,0
"
南栀北辰啊",还真是，毕竟印度是真的没法说 ,20200310-20200630,1
"
李潇洒Yuki",莫名有点想笑 ,20200310-20200630,1
"
_我的酒窩沒有酒_",新郎一次過完成兩件人生大事...親朋好友連吃幾天飯 ,20200310-20200630,1
"
_我的酒窩沒有酒_",他們一般吃點牛屎 喝點恆河水就覺得會沒事了 ,20200310-20200630,1
"
渣浪大咖",不亏，结婚才两天就死老公了是好事，按流程走，下一步就是升官发财了 ,20200310-20200630,1
"
梦薇晓晓",是的，所以印度还是很厉害的 ,20200310-20200630,1
"
甜蜜和小超z",现在有了依旧要买仿药，我二舅一个月要吃三万多的药，吃不起只能吃仿药一个月三千 ,20200310-20200630,1
"
Crystal_xuxu",我在百度上搜的看到的 ,20200310-20200630,1
"
Crystal_xuxu",我在百度上搜了看到的～ ,20200310-20200630,1
"
片片一片一片片",新郎已去世？？？哈哈哈哈哈不好意思 ,20200310-20200630,1
"
社会主义的完美建设者",？？？？ ,20200310-20200630,0
"
酴醿香",印度的钱币是中国造币厂造的 ,20200310-20200630,0
"
夏沫white",真假？ ,20200310-20200630,0
"
跟可爱私奔i",你们四十六个说的都对 ,20200310-20200630,1
"
-Killerrrr-",哈哈哈哈哈哈哈哈哈 ,20200310-20200630,1
"
为什么别人看漫画我却在学吉他",一家人最重要的就是完完整整 ,20200310-20200630,1
"
晴初霜旦的秋天",父母真心大 ,20200310-20200630,1
"
等风也等你ikun",哈哈哈哈哈哈哈哈 ,20200310-20200630,1
"
Gu-green-green",@yuki_xyu ,20200310-20200630,0
"
一定要时刻记得减肥攒钱",转发微博 ,20200310-20200630,0
"
--小幸运333",只有我想问致的用法么 ,20200310-20200630,1
"
艾福西西滴然然啊",婚礼两天后，新郎去世！太无语了?? ,20200310-20200630,0
"
陈伟霆王嘉尔的老婆",这层说的都对 ,20200310-20200630,1
"
小方口袋有辣条",新郎已去世 ,20200310-20200630,0
"
zhupcheng",我一看印度那没事了 ,20200310-20200630,1
"
为了成材",现在外网喷中国人最厉害的就是印度人了，他们倒不觉得中国人民无辜 ,20200310-20200630,0
"
zhupcheng",哈哈哈哈哈 ,20200310-20200630,1
"
zhupcheng",印度秀的飞起 ,20200310-20200630,1
"
若仙囍",厉害了?? ,20200310-20200630,1
"
无与伦比·鸦",哦买嘎 ,20200310-20200630,1
"
风一样的小白two",我靠 ,20200310-20200630,0
"
西西是个哈哈怪",???啊??这.... ,20200310-20200630,0
"
犬饲宇",血色婚礼，参加的一个都跑不了 ,20200310-20200630,1
"
吃西瓜不吃苹果",天哪评论区怎么回事…仿药想造出来真的太容易了，这些申请了知识产权的药配方相当于半公开了，大国想冒牌太容易了，中国没有假药是因为加入了国际知识产权的相关协议啊…尊重别人的知识产权不是理所应当的事情吗，难道中国政府在有医保之前还得承担所有公民的生老病死吗，国外需要收高额的智力成本啊 ,20200310-20200630,0
"
小赞的坚果小面包",三哥快去喝恒河水，可以解百毒 ,20200310-20200630,1
"
吃瓜少女荔枝酱",还是不能掉以轻心放松警惕 ,20200310-20200630,0
"
天晴暖了初夏lx",干得漂亮 ,20200310-20200630,1
"
一根傲娇的小黄瓜",牛屎盖住三天，就复活了 ,20200310-20200630,0
"
独步天下-CHEN",害人害己 ,20200310-20200630,0
"
灯火阑珊与万物俱寂",长点心吧 ,20200310-20200630,1
"
鞍山女青年",新郎已去世 ,20200310-20200630,0
"
憶葉知秋",为什么不是恒河水？ ,20200310-20200630,1
"
ReedGaulle",喝恒河水不能预防新冠吗？ ,20200310-20200630,1
"
行早君",便宜是因为它们不用交知识产权费啊……无视知识产权 ,20200310-20200630,1
"
郭柏柏--",中国也可以，只是法律不允许 ,20200310-20200630,1
"
宋雪呢",真可怕…… ,20200310-20200630,0
"
花生酱抱抱",想起了死亡录像3 ,20200310-20200630,0
"
我是詹姆斯球迷哈",？？？现在是印度反华啊 ,20200310-20200630,0
"
清明今年十一岁啦",哈哈哈哈哈哈哈哈哈哈哈哈哈哈这难道不是一件值得“悲伤”的事吗 ,20200310-20200630,0
"
Virgo3004",干的漂亮耶 ,20200310-20200630,1
"
威少忠实小迷弟",哈哈哈想笑 ,20200310-20200630,1
"
闲情呀Y",@徐佳欣Jassin  ,20200310-20200630,0
"
月月的提头生活",想起了之前看到的，中国有个新娘车队被拦截，只允许新娘走过来完婚，其他全部返回，刚开始觉得这样也太不近人情了，经过这个事……突然觉得新郎一家做的真对 ,20200310-20200630,1
"
坏坏小子_60812",我觉得除非新娘体质特别棒，不然新婚燕尔的， ,20200310-20200630,1
"
坏坏小子_60812",我就想知道新娘怎么办 ,20200310-20200630,1
"
小吉祥啊啊啊啊啊啊啊",@Be_In_Tower 太可怕了 ,20200310-20200630,0
"
我可以么",不会吧不会吧还有人舔印度的？ ,20200310-20200630,0
"
YI辰超爱K",说实话，外网的印度人骂的比这难听多了 ,20200310-20200630,0
"
白衣侦探Z",好东西要和大家分享 ,20200310-20200630,1
"
天天玩10",这个故事很恐怖 ,20200310-20200630,0
"
吃鱼的阿猫m",新娘嫁妆白给了 ,20200310-20200630,0
"
8暖暖8",结婚两天就去世了？ ,20200310-20200630,0
"
十一的月亮圆圆缺",真是佩服阿三大无畏的勇气，真不愧是世界第一，比美国还强的发达国家 ,20200310-20200630,1
"
碎碎念ya-",@肖品诚 ,20200310-20200630,0
"
小哪吒max",就非要这时候办婚礼吗 ,20200310-20200630,0
"
任世聪聪聪",死亡录像 ,20200310-20200630,0
"
逆光2020年",喜变丧 ,20200310-20200630,0
"
您今天要来点阿伟吗",人家是调侃…… ,20200310-20200630,0
"
七楼的猫妹",真爱 ,20200310-20200630,1
"
不爱吃辣的喵喵",要感谢这个时代没生在印度，说实话印度七八十年代比中国经济还要好，后面就赶不上中国了 ,20200310-20200630,1
"
螺蛳粉给我来三碗",他们咋不说c19是他们发明的？ ,20200310-20200630,1
"
想喝山楂果茶",也不是什么好事 只会让他们更仇视中国????都在国际上宣传新冠是我们这的 没人宣传最新的发现 ,20200310-20200630,0
"
拥你久暖y",为啥当初不选择50度的高温下办喜宴，也许这样病毒就不会找上你们 ,20200310-20200630,1
"
古德猫宁的宁丶",万一是个顺婚还是个童婚的话 新娘全家升级 新郎没了 就很舒服 ,20200310-20200630,1
"
小碎花大裤衩儿",三哥早晚不等 ,20200310-20200630,1
"
VJook",哎，不是啦，我是笑那个让青蛙结婚又离婚的 ,20200310-20200630,0
"
素质一点吧您內",我隔着这么多楼，说一句活该，应该没人发现吧 ,20200310-20200630,1
"
FOH·SkiRoft",？ ,20200310-20200630,0
"
素质一点吧您內",咦 ,20200310-20200630,1
"
南南南南jin",真实起来了，哈哈哈哈哈哈哈 ,20200310-20200630,1
"
喝完汽水蹦一蹦",药物本来就是研发成本高啊…它仿制合法，当然便宜了… ,20200310-20200630,1
"
祈阿柒",不信邪？！！ ,20200310-20200630,0
"
钟情soldier",额。。。。 ,20200310-20200630,0
"
忘川佐岸",加油哦 ,20200310-20200630,1
"
憨仔罐头",好家伙，乐极生悲 ,20200310-20200630,1
"
频频婉拒刘昊然",????是真的???? ,20200310-20200630,0
"
梦薇晓晓",印度仿药天下无敌……中国以前没有进医保的时候，多少人去买过药。印度药一定程度上救了很多人。 ,20200310-20200630,1
"
青瓦长忆旧时雨Y",想起了印度骑摩托阅兵，摆出各种造型，还不止一个 ,20200310-20200630,1
"
鱼巷狗未随",@猫巷鱼未归 迷惑行为 ,20200310-20200630,0
"
乌合之众与我",你的喜帖是我的丧贴 ,20200310-20200630,0
"
管庆勇201811",时间地点人物都没有也能叫新闻 ,20200310-20200630,0
"
炫酷的兔子兔子兔兔子",哈哈哈哈阿哈哈 ,20200310-20200630,1
"
承德最后的单纯",啊哈哈哈哈哈哈哈哈哈哈哈哈 ,20200310-20200630,1
"
鱼巷狗未随",@猫巷鱼未归 ,20200310-20200630,0
"
菜徐坤家周雨娜",漂亮，都是有钱人，治得起 ??评论配图 ,20200310-20200630,1
"
半粒糖62465",可怜的新娘，离婚两天就成寡妇了！ ,20200310-20200630,0
"
奋斗的老妞",在印度没有什么是不可能的 ,20200310-20200630,0
"
我吃太多了_",@我最会打退堂鼓 wk ,20200310-20200630,0
"
黑豆油",是为了冲喜吧 ,20200310-20200630,1
"
小鲨鱼尼酱",真的吗？难道印度结婚不用入洞房吗或者是夫妻两个人相处的时候不是也可以不带面纱嘛？ ,20200310-20200630,1
"
栋栋的微笑",关键是，爹妈知道发烧了，在印度有那么多确诊病例前提下，不去做个检测，还劝说吃药继续办婚礼，除了坑了新娘，也坑了来宾啊！！在中国，这得抓起来吧！恶意传播和故意隐瞒…只能说，阿三的脑回路…我等无法理解，说不定人家还在笑我们呢 ,20200310-20200630,0
"
Y_酷盖_博",活该 ,20200310-20200630,0
"
肖战的张可爱",这么说不好吧 ,20200310-20200630,0
"
马谡不参军",其实新郎身份地位较高，时间宝贵，不愿意耽误时间。 ,20200310-20200630,1
"
honghong哄哄",这波操作可以 ,20200310-20200630,1
"
九轩歌歌",所以印度都是奇葩的存在 ,20200310-20200630,1
"
就先这么叫着吧吧",@M00______ 。。。 ,20200310-20200630,0
"
离不开奶茶的喵小姐",知道发烧了还强行办婚礼，非得给女方弄成寡妇 ,20200310-20200630,0
"
嘟嘟嘟嘟嘟嘟大侠",@大写的养猪人????你的新剧本？ ,20200310-20200630,0
"
你可不可以爱一下我",百分之百吧 要是睡在一起都没感染那真的是有鬼 ,20200310-20200630,1
"
像海一样把云倒映",印度新闻都会过度使用修辞手法的，估计没那么严重 ,20200310-20200630,1
"
时尚小马过河",阿三的迷惑行为…… ,20200310-20200630,0
"
生无所息777",完美 ,20200310-20200630,1
"
老刘家的余鑫雅",有一种行为叫顽固不听劝！ ,20200310-20200630,0
"
祖安玉面书生",按照印度女人的地位，这新娘估计会被视为厄运，克夫，下半辈子不好过了 ,20200310-20200630,0
"
与时光说53770",乐??????极??????生??????悲 ,20200310-20200630,0
"
Bruce小蓝",@_鹿岛_ @_木雨白_ ,20200310-20200630,0
"
群马游魂",太惨了 ,20200310-20200630,0
"
日服",这是何苦 ,20200310-20200630,0
"
韩熙载2020",阿弥陀佛 ,20200310-20200630,0
"
陶奈儿",这…… ,20200310-20200630,1
"
奴江陆生",亲 划重点一下子劈死83个人……你的阅读能力堪忧啊 ,20200310-20200630,0
"
只手遮天自我否定先驱者",你们四十五个说的都对 ,20200310-20200630,1
"
奴江陆生",真的笑死了感觉她啥脑子啊人家重点是一下子就死83个 不是雷啊 ,20200310-20200630,0
"
Charleneyeahyeahyeah",？？现在是印度禁止进口中国所有东西 ,20200310-20200630,1
"
Mr_夏先生oo",不作死不会死…… ,20200310-20200630,1
"
太史利利利",感染全印度吧 ,20200310-20200630,0
"
珊珊ss3333",没错，所有国家都可以做，但是大家都有法律底线，印度没有 ,20200310-20200630,1
"
揣一兜阔爱",漂亮！ ,20200310-20200630,1
"
紫雲瑤兒",What ,20200310-20200630,0
"
牛牛恋爱妞妞200801",喜宴丧宴一起办 ,20200310-20200630,1
"
阿岳之洲",印度那个是直接按照成本生产药品，所有药品的成本都不高，就是研发过程贵。 ,20200310-20200630,1
"
星河语舒",连越孝子都有，怎么可以没有印孝子 ,20200310-20200630,0
"
行叭9",印度数据我总是不太相信呢，按理说印度才是确诊人数最多的国家呀，哦对，啊印那里的小城镇没有能力检测 ,20200310-20200630,0
"
飘流的freedom",这集早就看过了啊 ,20200310-20200630,1
"
吃啥都长肉的陈同学",印度人全死了才好呢 ,20200310-20200630,0
"
偽物少女",@大美kiss_ ,20200310-20200630,0
"
臭屁鹿拍小晗",牛逼啊 ,20200310-20200630,1
"
最帅的海底捞拉面师傅",你太看不到得起印度女人的地位了 ,20200310-20200630,1
"
快把品如衣服脱下来",@L右右98 印度真神奇啊 ,20200310-20200630,1
"
GEJUN_",@杨曼晨_Chenchen ,20200310-20200630,0
"
周吥貳丶",印度各方面实力不是超过中国了吗？还是少管闲事，别惹的一身骚 ,20200310-20200630,0
"
欠喷的人给爷等着",哈哈哈哈哈哈哈哈哈哈哈哈哈哈哈哈哈哈哈哈哈哈哈哈哈哈哈哈哈哈哈哈哈哈哈哈哈哈哈哈哈哈哈哈哈哈哈哈哈哈哈哈哈哈哈哈哈哈哈哈哈哈哈哈哈哈哈哈哈哈哈哈哈哈哈哈哈哈哈哈哈哈哈哈哈哈哈哈哈哈哈哈哈哈哈哈哈哈哈哈哈哈哈哈哈哈哈哈哈 ,20200310-20200630,1
"
柠檬茶的糯米糍",喜事丧事一条龙啊 ,20200310-20200630,1
"
记不记得我上一个头像有多赞",@wsmhdszgdhytsxsl ,20200310-20200630,0
"
22年要上岸",想法不同就是印度孝子，这层里的某个人是不是鉴孝大师啊，可真牛呢，全凭您一张嘴 ,20200310-20200630,0
"
Cancerboy李",哦no。要怪就怪你们的nt zz 印度政府吧。 ,20200310-20200630,0
"
想什么名好一点呢",脑子是个好东西... ,20200310-20200630,0
"
黑化的山楂树",也就是印度能出这种事了 ,20200310-20200630,1
"
像风一样的前行",@企鹅移居住北极 ,20200310-20200630,0
"
有空一起出去",因为穷的人太多了 ,20200310-20200630,1
"
吧咘qiu咔咘呀",大户人家，参加婚礼的人还挺多 ,20200310-20200630,1
"
燕子140281",说不定她也被感染了 ,20200310-20200630,1
"
不吃早饭的大头",男孩子生在中国就不感谢了？ ,20200310-20200630,0
"
小建建的生活",不错不错，恭喜恭喜 ,20200310-20200630,1
"
张雅的地盘",活该 ,20200310-20200630,0
"
Interpreter_Tom",然后来了一辆救护车全拉走了 ,20200310-20200630,1
"
yOhnU",@你就很机车耶 哈哈哈哈哈哈哈进来笑 ,20200310-20200630,1
"
Daiiiiiii丶",阿三还是6 ,20200310-20200630,1
"
睡觉冠军小栎同学",这。。印度人的想法是真的很难理解 ,20200310-20200630,
"
Ali吅song",@獨家記憶之2020 ,20200310-20200630,
"
L·Ethereal·",秀儿 ,20200310-20200630,
"
土豆o丝er大蝎蝎",牛屁就完事了 ,20200310-20200630,
"
叫我喜宝就好啦",恒河水把脑子喝没了 ,20200310-20200630,
"
景啾啾1109",你真会聊天啊 ,20200310-20200630,
"
一生挚爱宋祖儿",死吧 ,20200310-20200630,
"
Howayxuryq",@_带你去吹风_ 齐齐整整 ,20200310-20200630,
"
Whereis千叶",哈哈 ,20200310-20200630,
"
Fzk无为",真·做鬼也风流？ ,20200310-20200630,
"
Whereis千叶",说反了吧 ,20200310-20200630,
"
睡觉致富创始人",牛尿不够啊?? ,20200310-20200630,
"
VictoriaWyw",等研制出疫苗 千万别给印度 反正人家也抵制 ,20200310-20200630,
"
余烬zxx",早喝??尿神清气爽尿到病除，不然死不了 ,20200310-20200630,
"
烨升海Absinthe",就像他们的电影……… ,20200310-20200630,
"
乖鲁鲁",再过几天，村里就没人了 ,20200310-20200630,
"
改不了名的ugly",愿伟大的恒河保佑阿三的哥哥姐姐们 ,20200310-20200630,
"
Yoyeon_1114Ycyyttttt",一开始看觉得好可惜，但一看是三哥。。。真是的，大惊小怪。 ,20200310-20200630,
"
Yoyeon_1114Ycyyttttt",三哥就是厉害 ,20200310-20200630,
"
橘猫狸猫奶牛猫蓝猫玄猫折耳猫",印度这种地方，多死几个男人是好事 ,20200310-20200630,
"
人生唯剩一季",仿要哪个国家都能做，做的绝对不会比印度差。只是印度没有药物专利，导致仿制药泛滥。仿制药门槛很低的，毕竟绝大部分药物都会把成分写在盒子上但这属于饮鸩止渴，所以世界上几乎所有国家都有药物专利，正版药价格贵就是贵在专利开发费用，如果都像印度那样，那就没有公司愿意去开发新药啦 ,20200310-20200630,
"
GODWe1less",因为不用研发，抄就行了格列卫研发用了六十亿美元，印度阿三一分钱没出就拿去抄 ,20200310-20200630,
"
网上冲浪高手-",三哥即将争夺第三 ,20200310-20200630,
"
名由心生",贺电 ,20200310-20200630,
"
阿易崽子",@许雅婕Jesse ,20200310-20200630,
"
布莱克梁",你们四十二个说得都对 ,20200310-20200630,
"
对方三次加你为好友",当心新娘和新郎家人的想多了，他们现在应该都在医院治病呢 ,20200310-20200630,
"
douzdou",@nukes007 ,20200310-20200630,
"
聪明来看你了",疫情期间还不忘婚礼日期，真厉害 ,20200310-20200630,
"
沙漠卯兔",作死 ,20200310-20200630,
"
时来运转wolf",人家至少结了婚再去世，在座的很多估计孤独终老，所以你们还笑话他吗？ ,20200310-20200630,
"
阿珊20863",印度仿药是本地特色，不用进口中国药物 ,20200310-20200630,
"
阿珊20863",简化一下,20200310-20200630,
"
木子旳李丷",妈呀，大半夜笑的睡不着 ,20200310-20200630,
"
木子旳李丷",听说会被送寡妇村不知道真的假的 ,20200310-20200630,
"
木子旳李丷",对不起，很悲伤的事情却忍不住想笑 ,20200310-20200630,
"
桥本肉奈·",@_五71 ？？？ ,20200310-20200630,
"
林北玩不会了",我踏马 ,20200310-20200630,
"
燥狂BANANA",摩罗叉真喺一个神奇噶物种～达尔文都琢磨不透 ,20200310-20200630,
"
Ruby少吃点吧",阿三干出什么都不意外 ,20200310-20200630,
"
永远支持kimi",这操作很迷。 ,20200310-20200630,
"
鹿鹿鹿鹿鹿小燕儿",真的有病 ,20200310-20200630,
"
进击的安妮",呵呵?? ,20200310-20200630,
"
末影老人",???? 难 ,20200310-20200630,
"
今天过后不再玩了",明明是很严肃的新闻，你干嘛逗我笑 ,20200310-20200630,
"
没得品",绝了 ,20200310-20200630,
"
不想要吃西瓜籽",这个新闻配图是真实吗，好渗人 ,20200310-20200630,
"
Cnz大辉",这多好，办这个办那了，最后轮流办，看谁顶的时间长了 ,20200310-20200630,
"
mengxinger260",你太坏了 ,20200310-20200630,
"
正义英雄_V5",新郎新婚后两天已经死亡，参加婚礼的79人确诊新冠。不作不死啊。#印度一家办婚礼致79人感染新冠# #印度禁用59款中国App# #印度疫情# ,20200310-20200630,
"
大耳朵图图耳朵大哦",印度加油 ?? ,20200310-20200630,
"
余烬zxx",腾讯就是缝合王，改的掉么 ,20200310-20200630,
"
做夢都想成為愛麗安娜",@沉迷网课的阿旺 ,20200310-20200630,
"
keny711",阿三智商感人啊 都不看新闻的 ,20200310-20200630,
"
高珊HelloKitty",@章鱼丸的奶油花 ,20200310-20200630,
"
SherylShi",响起一首卡斯特梅的雨季。。。 ,20200310-20200630,
"
三千公里氧",@风一样的小白two ,20200310-20200630,
"
傻鸡炖大鹅",哈哈哈哈哈哈哈哈哈 ,20200310-20200630,
"
茄喱啡唔易做",印度人都死了才好 ,20200310-20200630,
"
RockHank",这是高种姓的吧，低种姓都不知道死多少了 ,20200310-20200630,
"
Acr_OceanOss",这新娘也太惨了…… ,20200310-20200630,
"
猫叔叔___","印度是一个很热情的国家。为了热闹,先办喜事紧接着再办白事,双喜临门,切实贯彻英爹的群体免疫方案,亲身感受达尔文,适者生存,优胜劣汰进化论。反正老子有的是人,死不绝。 ",20200310-20200630,
"
TMX_Normcore",绝了 ,20200310-20200630,
"
-美式有点甜",希望家属也跟着去 ,20200310-20200630,
"
nnnnnnnly",本来很严肃的……结果看到你这条留言……我 ,20200310-20200630,
"
今天的风儿甚是喧嚣啊灬",上演婚姻是爱情坟墓吗？ ,20200310-20200630,
"
南城QY123",那么快就守寡了 ,20200310-20200630,
"
七亩海",如果仅仅是因为这些我相信老百姓会理解 但是事实往往不是 ,20200310-20200630,
"
史播客",【#印度一家办婚礼致79人感染新冠# 新郎已去世】#关注新冠肺炎# ,20200310-20200630,
"
老蔫儿lovely",漂亮！ ,20200310-20200630,
"
映朔",于是又把那拨亲朋好友邀请了一遍 ,20200310-20200630,
"
小熊没有饼干y",又穷又不讲究 ,20200310-20200630,
"
iam王欣同学",终须有人明事理 ,20200310-20200630,
"
我能骑着挪子接你吗",这下全村就可以连吃几天饭了 ,20200310-20200630,
"
孙大龙SYJ",日抛新郎?? ,20200310-20200630,
"
鸡蛋一点好",只要结完婚，孩子咋死都行？ ,20200310-20200630,
"
阿娜美",新娘子咋办哦 ,20200310-20200630,
"
Za道儿",可怜的新娘 ,20200310-20200630,
"
summer靑靑茶",印度这新闻。。。 ,20200310-20200630,
"
劉士文sammul",可怕 ,20200310-20200630,
"
Wang-T1",真无语叻。这女孩子不会有好日子过的。碰上这么一家子霉人 ,20200310-20200630,
"
告诉美芽我没牙",看看评论，让我怀疑世界 ,20200310-20200630,
"
九年夜",新娘太惨了，如果新郎的家人们有迷信的，余生会过的很惨甚至可能活不了多久 ,20200310-20200630,
"
F付____",吼，齐活了，喜事丧事一周内全部体验一遍 ,20200310-20200630,
"
祝晨星空",那个新娘呢？还有她的嫁妆？ ,20200310-20200630,
"
没事吐吐槽吐吐槽",A ,20200310-20200630,
"
浮云妞QAQ",@永远支持kimi 这操作 ,20200310-20200630,
"
___Xy___",@_Mr_蘇 @NR_JOE  ,20200310-20200630,
"
凯萨琳",人家结婚要钱 你结婚要命 ,20200310-20200630,
"
月清疏丶",权游粉丝激动 ,20200310-20200630,
"
Y趣多多",有点想笑哈哈哈哈哈哈哈哈h哈哈哈哈哈哈哈哈哈哈哈哈哈哈 ,20200310-20200630,
"
望晨莫及_Ella",Incredible India ,20200310-20200630,
"
徐黄丽",转发微博 ,20200310-20200630,
"
90-89-88",新娘活着也不如死掉了 印度那环境 真是倒霉玩意 晦气 但我还是要哈哈哈哈 ,20200310-20200630,
"
BUMBLEBEE891",新郎婚后两天就死了这不便宜这小子的兄弟了吗 ,20200310-20200630,
"
GraceZhang_jzy",这 ,20200310-20200630,
"
Louis俞",印度真的是……思想怎么了这是 ,20200310-20200630,
"
Rita丹-KOBE",哎 ,20200310-20200630,
"
SugarPXL",一下子劈死那么多人？殊不知是不是印度阿三平时坏事做太多了 ,20200310-20200630,
"
股东小禹",不知道他们用不用中国的呼吸机。 ,20200310-20200630,
"
不知道还能不能上班的奥特曼",这不得开瓶香槟庆祝下？ ,20200310-20200630,
"
zxq韵子",也许早就感染上新冠了 ,20200310-20200630,
"
咸味水果糖",@owlstaynight ,20200310-20200630,
"
我真的超级超级累",印度啊？那没事了死就死吧 ,20200310-20200630,
"
亿万富婆阿跃",可怜 ,20200310-20200630,
"
泥马28262",可能去见甘地了 ,20200310-20200630,
"
田馥甄的小迷弟呀",逆天改命啊 ,20200310-20200630,
"
我姓陈吃人陈i",印度人真是无可救药了 ,20200310-20200630,
"
盐烤冰蚬D",回门都不用了，直接回家 ,20200310-20200630,
"
_zyloooong",新娘惨 ,20200310-20200630,
"
timor队长的蘑菇",喜事变丧事 ,20200310-20200630,
"
米粉-赫天",估计想着赶紧结婚收点彩礼去治病，结果钱还没数完呢，人没了 ,20200310-20200630,
"
小高傲i45871",婚礼变葬礼? ,20200310-20200630,
"
王一博找不到的暖宝宝",印度是个神奇的国家??今天看到个新闻一位妈妈确诊后坚持回家！通过自己的努力成功传染给五个子女后去世 ,20200310-20200630,
"
葵島yu",这是多少条生命。。 ,20200310-20200630,
"
布朗妮920",父母面子比儿子还重要，大型谋杀现场……… ,20200310-20200630,
"
Arstlz",这个剧情好像很多年前的一部恐怖电影，那里面也是结婚，结果里面有个男的，被丧尸病毒感染了，新郎和新娘拼命跑出来了，结果最后新娘好像还是被咬了，结果就是团灭。电影的拍摄手法好像是以婚礼录像的形式拍摄的。叫啥名字给忘记了。 ,20200310-20200630,
"
晨稀不是曦",有些人，一旦劝过就不在，劝着劝着就走了 ,20200310-20200630,
"
莎莎比亚0",印度发生啥奇葩事都不意外 ,20200310-20200630,
"
布朗妮920",为什么呢？ ,20200310-20200630,
"
一株從容生長的向日葵ing",新郎已去世…… ,20200310-20200630,
"
阳光心心飞扬",一眨眼就是一生的节奏 ,20200310-20200630,
"
我的小猴子呦",最后的婚礼 ,20200310-20200630,
"
布朗妮920",女的过两天可能也…… ,20200310-20200630,
"
就一个酒八",中国支援口罩，印度会不会用， ,20200310-20200630,
"
箫中剑t",贵是因为有些药是研发人员研究了十年几十年出来的，耗费大量人力物力财力。 ,20200310-20200630,
"
期待杨洋解锁新角色",看评论，作为一名女性，吓到了。。。 ,20200310-20200630,
"
期待杨洋解锁新角色",不是吧，这么吓人。。。 ,20200310-20200630,
"
和寻-",好惨一新郎 ,20200310-20200630,
"
褐瞳里的迷梦",太尴尬了吧 ,20200310-20200630,
"
纪云深呀",你们都说都对 ,20200310-20200630,
"
-LIVEEVIL_",迷惑行为 ,20200310-20200630,
"
babylihenbang",年轻人应该不易死啊，二天就走了？奇怪了！ ,20200310-20200630,
"
不会序号小表弟",几天后热搜,20200310-20200630,
"
YJLveryhardsome",见怪不怪 ,20200310-20200630,
"
一大朵包子",第一天结婚，第二天造娃，第三天离世。有点像某种昆虫 ,20200310-20200630,
"
最近有什么新梗吗",你们77个说得都对 ,20200310-20200630,
"
阿点的点点是点点",@活在今朝丶 你参加婚礼也要戴口罩 ,20200310-20200630,
"
BettyWBQ",哎 ,20200310-20200630,
"
林珑塔挞灵朧",死之前要把婚礼办了 ,20200310-20200630,
"
faller",就这水平 ,20200310-20200630,
"
大脸的爸",@一颗伦晚 ,20200310-20200630,
"
火考半只羊",@浅夏好累好想退休 新郎已去世好显眼 ,20200310-20200630,
"
哎呦呀呵呵",这也～太僵硬了 ,20200310-20200630,
"
水逆水逆都走开",那还不是国内一堆卖假药的骗子这东西国家很难管控，基本靠自己自觉抵制，中国老百姓一些贪图便宜的思想才是一些药贩子去买假药的源头吧，而且仿药不说国家管制的制药机构，一些小的制药公司也能做的即便宜效果还差不多，但这就是违法，懂？ ,20200310-20200630,
"
带你去嗨屁",干的漂亮！ ,20200310-20200630,
"
Jin的二姨妈",人类迷惑行为 ,20200310-20200630,
"
菜市场的鱼A",第一反应是女方太可怜了吧 ,20200310-20200630,
"
不想一直都这样",真是个神奇的国度 他们似乎完全不爱惜自己的生命 又总发生让我怜悯的悲剧 ,20200310-20200630,
"
wuli太妃糖",有手有脚 勤劳致富 不会真有人信这个吧 哈哈哈哈哈哈哈哈 ,20200310-20200630,
"
RealMadrid9947",在印度行不通，印度女性敢坐公交车的都没多少，“克”死了丈夫不被打死都是好的 ,20200310-20200630,
"
不想一直都这样",真是个神奇的国度 他们似乎完全不爱惜自己的生命 又总发生让我怜悯的悲剧 ,20200310-20200630,
"
Manchi",疫苗不要小看印度 爱仿 ,20200310-20200630,
"
爱吃奶酪的-UU",有毒 ,20200310-20200630,
"
RealMadrid9947",要是西方那知识产权打压印度试试。。。印度是没享受中国被各种针对的待遇 ,20200310-20200630,
"
王王大可就是我啊",目前家属情绪稳定 ,20200310-20200630,
"
只想做一只安静的小本本-",何必呢 ,20200310-20200630,
"
宇良之家",哎 ～~~ ,20200310-20200630,
"
三笙有葕",这是多不想结婚 ,20200310-20200630,
"
米粒美瞳",去你??的 ,20200310-20200630,
"
千万次doi",你们十四亿都说的对 ,20200310-20200630,
"
Meng江肃肃",看了一些讲解印度社会的视频，的确感觉印度女性生活相当痛苦啊…… ,20200310-20200630,
"
王月月68959",双关用的好 ,20200310-20200630,
"
有话昊昊昊说",该 ,20200310-20200630,
"
奶包月野兔",虽然。。。。但是。。。。。 ,20200310-20200630,
"
LuciferChu",印度是父权社会，移民要通过父亲和丈夫甚至儿子的同意.....反正就是吃人的社会 ,20200310-20200630,
"
寒风不冷31",末日婚宴 ,20200310-20200630,
"
LittleXu0728MD",呵呵 ,20200310-20200630,
"
何扬58560",漂亮 ,20200310-20200630,
"
虎鲸之鸣",啊靠 ,20200310-20200630,
"
李大小姐和她的魔性金鱼草",…… ,20200310-20200630,
"
carmen-zhu",@香口胶白兔糖  ,20200310-20200630,
"
你为什么不坦诚",牛皮 ,20200310-20200630,
"
阿零没有坏心情",希望饭菜没事 ,20200310-20200630,
"
伊斯坦布尔的miao",然后再来场丧事继续感染？？？ ,20200310-20200630,
"
翻彡越岭",不知道这79个人算不算 印度一亿人口中的 ,20200310-20200630,
"
胡善围",正品药贵是因为成本里有研发费用，印度拿去抄一抄可不便宜 ,20200310-20200630,
"
Baby鳕儿",原谅我想笑，谜一样的行为 ,20200310-20200630,
"
爹也不太明白",@天不应_ @藕呵呵呵呵呵呵 晕 ,20200310-20200630,
"
Yishore",印度女性位置太低了 ,20200310-20200630,
"
MizziPoon",这是有什么阴谋么 ,20200310-20200630,
"
脾气暴躁的暴龙仔",哟呼，火化，一给我里giao ,20200310-20200630,
"
古寺钟鸣",@雾灵 不要用中国的物资喔。聚会麻烦加大力度 ,20200310-20200630,
"
cappuccino_whiskey",神奇的国度，层出不穷的奇葩事 ,20200310-20200630,
"
疚椋",印度人真的太太太无知了 ,20200310-20200630,
"
酱球球伺养者",主要是中国不允许…印度无视国际药物的专利保护法，出了就仿，但中国不允许，不然我央央大中国啥仿不出来 ,20200310-20200630,
"
劉小鱻Ly",阿三新闻管我屁事！浪费资源！不如报道点国内的时事新闻！ ,20200310-20200630,
"
LOONG_HINCHEN",看不懂阿三... ,20200310-20200630,
"
一个小角落一",男孩生在中国不感谢吗？ ,20200310-20200630,
"
心之所向为之付出",新娘血亏，毕竟刚家里付完了彩礼 ,20200310-20200630,
"
Crystal_xuxu",新娘真的好可怜 印度的寡妇不能再嫁 只能睡在地板上 吃洋葱大蒜这样的素食 而且还要剃光自己的头发 不能穿鲜艳的衣服 不能在公共庆典上露面 ,20200310-20200630,
"
季秋三月",倒也是，其实就是侵权了 ,20200310-20200630,
"
心之所向为之付出",印度是的 ,20200310-20200630,
"
三月的北海C",@子慕予 ,20200310-20200630,
"
画完了吗",恭喜 ,20200310-20200630,
"
李安然小阔阔",希望人铁定出事?? ,20200310-20200630,
"
咪尼的小恐龙",新娘还有命守寡吗，还有命被转手吗？结婚两天的亲密接触这新娘还能活几天都还真不好说了 ,20200310-20200630,
"
山2今",@水囦 天… ,20200310-20200630,
"
安静漠然",印度一个在重症监护室的新冠患者，被前来探望的亲属害死了，怎么死的呢，就是亲属觉得重症监护室太闷热，把呼吸机插头拔了插上了空调 ,20200310-20200630,
"
张三疯Oc",@芒果酸儿 @wj小小世界 好惨啊 ,20200310-20200630,
"
Desperadoor",印度还需要打战么，自己人都能把自己搞亡国 ,20200310-20200630,
"
考不上东华不改名",权游迷 ,20200310-20200630,
"
一根儿榴莲树",王炸 ,20200310-20200630,
"
秋天的Dom",下面抢答环节，，请问！新郎死前是否拿了一血！ ,20200310-20200630,
"
迪迪笔看报",活该 ,20200310-20200630,
"
我家没养小喵咪",还行 记得疫情期间那个百人宴吗 ,20200310-20200630,
"
Jersours",@___郑先生 ,20200310-20200630,
"
恰巴眼打飞鸡",想起贾冰的那句口头禅,20200310-20200630,
"
海_一个大湖",传播能力太强了吧也 ,20200310-20200630,
"
恶魔妈妈吗",婚礼变葬礼 ,20200310-20200630,
"
ROCKSTAR官方总部",我看看有没有儿子说,20200310-20200630,
"
YUI栯洢",好惨呀，嘻嘻 ,20200310-20200630,
"
谁是诺二呀",那必须的吧，光是亲亲就够了更何况新婚 ,20200310-20200630,
"
大白BigBay",啧啧。结个婚也开挂。年纪轻轻守寡了 ,20200310-20200630,
"
Pengbeeeeee",回想起1月15号从武汉去蕲春参加同事婚礼幸亏我没事，好怕成为那个城市的罪人 ,20200310-20200630,
"
yooooolin_HH",?? ,20200310-20200630,
"
冰封千亿里",这不是厉害，是不要脸了。印度规定如果是为了治病那么仿药是不犯法的。 ,20200310-20200630,
"
泡个养生脚",真是让我长了见识 ,20200310-20200630,
"
同同SONG",还关心他们干嘛不值得同情 ,20200310-20200630,
"
Dog爱吃菠萝",新浪已去世………hahaha对不起，控制不住了 ,20200310-20200630,
"
HOPE香草奶冻",我瞪大了眼睛?? ,20200310-20200630,
"
徐万音",恭喜 撒花 ,20200310-20200630,
"
巴啦啦能量爱心发射biu",想起了那个电影 ,20200310-20200630,
"
谁是诺二呀",都不用收摊儿了，直接就上菜了 ,20200310-20200630,
"
米豆小丸子",没事，喝点恒河水就好了 ,20200310-20200630,
"
开门送水了",印度女性地位特别低 ,20200310-20200630,
"
soda只是不开心",可能印度并不在意新冠这档子事吧 ,20200310-20200630,
"
My毅Ah",阿三牛逼 ,20200310-20200630,
"
小真真要努力呀",还改嫁，极大可能已经感染了，先保命吧 ,20200310-20200630,
"
6959的萌萌",阿三要的世界第一 ,20200310-20200630,
"
J-Yanyoga印度游学",怎么老喜欢发印度的????而且绝对添油加醋了… ,20200310-20200630,
"
猫性小狐狸",笑死我了 ,20200310-20200630,
"
Helen_lx",@美术是个烧钱的怪物2 ？？？？ ,20200310-20200630,
"
Timeles旧约i",移民叭 ,20200310-20200630,
"
DQTT帅帅帅__",@HZY_wanna-change  ,20200310-20200630,
"
_HHANNN_",印度结婚好像是女方掏钱出彩礼？不知道是不是记错了。。 ,20200310-20200630,
"
六七三五七",还会增加的 ,20200310-20200630,
"
草莓呸呸",新郎已去世…… ,20200310-20200630,
"
Jade-Mak-",恐怖的婚礼 ,20200310-20200630,
"
抗嚒北鼻够",哈哈哈哈哈哈哈哈哈哈哈哈艹 ,20200310-20200630,
"
啾咪啾咪园",新郎这就没了？ ,20200310-20200630,
"
keiko在快乐",我佛了 ,20200310-20200630,
"
压力山大健哥",@钟情soldier ,20200310-20200630,
"
南烛北芪",如正版与盗版小说一样，如果都是盗版，那谁还写小说，写了根本挣不到钱。还有那些正版视频和网站上的盗版视频一样，盗版满天飞的时候，才是灾难。恰好这些东西越是在贫穷落后的地方越是盛行，近几年中国打击盗版力度很大，说明我们的社会是在进步的，不然没人费力去搞研究了，全去鼓捣盗版去了 ,20200310-20200630,
"
bobo的小花",喜丧是啥梗2g了 ,20200310-20200630,
"
潘多拉手机摄影",怎么能这么漠视新冠疫情啊，可怜之人必有可恨之处，哎 ,20200310-20200630,
"
我也不喜欢草莓",造谣就靠你这张嘴 ,20200310-20200630,
"
Strawberwy",@keiko3o 哈哈哈？ ,20200310-20200630,
"
番茄浓汤炖牛腩",你黑中国一条多少钱，黑心钱没少赚吧香蕉人 ,20200310-20200630,
"
胖虎喝米酒",@小关爱吃油条 厉害啊 ,20200310-20200630,
"
绝念S",不知新郎体验性福没 ,20200310-20200630,
"
给我樱桃味汽水",我天这是什么操作 ,20200310-20200630,
"
熊熊__",比起这个 我更好奇嫁妆能拿回来吗 据说印度可是赔钱嫁女 那嫁妆定然不菲 ,20200310-20200630,
"
南烛北芪",新冠,20200310-20200630,
"
三千条家规倒背如流的魏婴",就是嘲讽鄙视的意思 ,20200310-20200630,
"
鹅的老天爷",独树一帜 ,20200310-20200630,
"
酸不溜秋的葡萄",真是强悍的民族，太不把生命当回事了 ,20200310-20200630,
"
蓝色海域VS奋斗",我们小区各家之前花钱随礼没吃饭都不乐意，前两天主家又摆桌，我婆婆叫我去我没去，然而后天又一场，现在都松懈了，告诉你了不去还不乐意，没办法只能去 ,20200310-20200630,
"
活不易PS惜每天",这一波得害死多少人 ,20200310-20200630,
"
暂时没想到y",@白梦泽老司机 ,20200310-20200630,
"
理直气壮的观察员",毕竟是西方免费的实验基地，啥药都可以在这是试用。按理说仿制是违法的 ,20200310-20200630,
"
姜姜皮卡",太倒霉了 ,20200310-20200630,
"
一尘不染无痕",印度不能改嫁的而且寡妇不能穿鲜艳的莎丽需终身穿着素色并守在婆家。 ,20200310-20200630,
"
看到我就提醒我去码字",可能会被烧死，他们会认为这个新娘克夫 ,20200310-20200630,
"
囧楠神女",以最快的时间完成两项人生大事 ,20200310-20200630,
"
旧愘",哈哈，神特么喜丧 ,20200310-20200630,
"
BJGggggg",印度人活该 ,20200310-20200630,
"
窜天唐大熊熊熊熊熊",想起了印度两辆摩托车相撞，79人受伤…… ,20200310-20200630,
"
一尘不染无痕",城市里的寡妇有机会改嫁，但是印度还是受封建文化影响，改嫁的机会不多，即使寡妇自己愿意也没有太多人愿意取她们，寡妇需终身穿着素色并守在婆家。 ,20200310-20200630,
"
公孙谷主88",该 ,20200310-20200630,
"
想静静喝可乐",#支持港警依法制暴##守护香港##警惕颜色革命##公知# @思想火炬 让内奸公知和恨国蛆 #方方# #梁艳萍# #许可馨# 火遍全网 #方方小产权别墅转正获利千万# #锄奸行动# #方方的朋友圈##海南大学王小妮##白宫顾问点名表扬方方##方方日记##方方日记造谣梁护士去世# ??#方方的脸是自己打圆的#  ,20200310-20200630,
"
人鱼多多zq",发生在印度 啥都不奇怪 ,20200310-20200630,
"
greatfiona",啊？？因为..我在..回复..你..... ,20200310-20200630,
"
元气闲鱼专卖店",虽然新娘很惨但你这句话戳中我笑点了 ,20200310-20200630,
"
JESSTINtin",？这个配图怎么莫名喜感 ,20200310-20200630,
"
Craiwn",印度不奇怪系列 ,20200310-20200630,
"
YJ薇宝",啊三这个故事告诉我们 不要集会 不要聚会 结婚不要摆桌 ,20200310-20200630,
"
0你怎么这么可爱0",你们杠不杠的@ 我干嘛 ,20200310-20200630,
"
Hazel_秋秋",@JESSTINtin ？ ,20200310-20200630,
"
大爆炸爆遍天下菊",恭喜啊 ,20200310-20200630,
"
猴子队长AM",团灭那个英语怎么说来着 ,20200310-20200630,
"
只想悄悄追574的三岁呀",虽然是个悲伤的故事，但不知为啥看到这句话就仿佛戳到了笑点 ,20200310-20200630,
"
0你怎么这么可爱0",什么什么什么 你回复错人了吧。。。 ,20200310-20200630,
"
-五十五颗玉米粒-",印度人真的是又懒又蠢又坏 ,20200310-20200630,
"
小冰云7376785918",为什么能劈死这么多人？劈到炸弹了吗？ ,20200310-20200630,
"
今晚我去偷月亮",哈哈哈哈哈 ,20200310-20200630,
"
Athena3爷_YJ",婚礼变葬礼… ,20200310-20200630,
"
会是开心的深海鱼",如果是被逼嫁过去的话可能是好事，但是印度这种地方也有可能会转手嫁给新郎家人 ,20200310-20200630,
"
晶晶不精有点神经",印度最近忙着不干人事，看了看这个……算了！ ,20200310-20200630,
"
机智艺_",@Money大伯要酱油 ,20200310-20200630,
"
小任菩萨",印度斯坦 ,20200310-20200630,
"
mucrushyu",惹 ,20200310-20200630,
"
本人很慢哦",？？？ ,20200310-20200630,
"
啊莹啊0702",迷惑行为三连 ,20200310-20200630,
"
西夕的微博",阿三只砸了电视机，有种砸中国的呼吸机 ,20200310-20200630,
"
faico",可能全家福 ,20200310-20200630,
"
番茄爱吃番茄仔",？ ,20200310-20200630,
"
马豆豆不做胖豹子",骚操作 ,20200310-20200630,
"
哥斯拉闯进幼稚园追打小朋友",刚端起来的恒河水 突然就不香了 ,20200310-20200630,
"
Zxiaoxin_z",嘚瑟，是不是封了中国的APP印度人闲得慌 ,20200310-20200630,
"
饭没大剩",哈哈哈哈哈哈哈哈哈哈哈哈哈哈哈哈哈哈哈 总结到位 ,20200310-20200630,
"
魅伊莲娜",新娘真倒霉 ,20200310-20200630,
"
WenR_Jh",两天就死了，关键新郎家里人会不会怪新娘克夫啊 ,20200310-20200630,
"
可爱的L0811",药品研发需要大量的人力财力，如果鼓吹盗版的，正品就会被打败会被弄死，那谁还会去研发，没了新研发的那些盗版药最终也会死，要营造一个良好的创新研发环境 ,20200310-20200630,
"
taebal-",@哼哼呵呀 ,20200310-20200630,
"
花园守门人",这什么家人啊?有病不去医院看病还要强行举行婚礼?神奇的国家 ,20200310-20200630,
"
sd4817599",正好丧事喜办。 ,20200310-20200630,
"
以后请叫我田朵朵",阿三的行为看不懂 ,20200310-20200630,
"
再见---谢谢你们的鱼",唉 ,20200310-20200630,
"
简单自我018",恭喜恭喜 ,20200310-20200630,
"
月梧桐",新郎已去世…… ,20200310-20200630,
"
多巴胺是个好东西",怎么有种家人把他草草下葬的感觉 ,20200310-20200630,
"
小孩児路過此処",现在涉黄人员那么大胆了吗 ,20200310-20200630,
"
快乐星球57",一下劈死80多个，以前没听说过吧 ,20200310-20200630,
"
super圈圈哥",这些妄图侵略我们国家的贱畜是人吗 ,20200310-20200630,
"
落地生花848",新娘太惨了 ,20200310-20200630,
"
LuciferChu",这就是正常中国人理解不了的了，在印度女性被认为是“累赘”，所以结婚的时候必须要给男性陪嫁很多。这是一个畸形的社会，我们没办法理解。而且印度强奸案频发，女性权利根本没办法保证。 ,20200310-20200630,
"
想成为一只小号hhh",新娘做错了什么 ,20200310-20200630,
"
lieby_",毕竟没有研发成本 ,20200310-20200630,
"
屁毛公主",@开刀问斩 ,20200310-20200630,
"
赛德麻麻",@·莫听穿林打叶声· ?? ,20200310-20200630,
"
最爱我家恩恩猪",没有，新娘的核酸检测是阴性可能印度那个面纱起到了口罩作用 ,20200310-20200630,
"
重庆文旅商联盟",可喜可贺 ,20200310-20200630,
"
简单一点对自己好一点",晕倒 ,20200310-20200630,
"
机场大巴000",刺激 ,20200310-20200630,
"
Ch-ray",婚礼之后又开了个新冠大趴 ,20200310-20200630,
"
佑佑的可爱麻麻",都还没颁布政策说禁止聚餐吗？ ,20200310-20200630,
"
清笙唤漓人-_",宾客真惨 ,20200310-20200630,
"
最爱我家恩恩猪",哎，肯定又说什么是妻子克夫这种迷信言论 ,20200310-20200630,
"
米斯李010",@major小田 ,20200310-20200630,
"
萌萌哒自在_",阿三来搞笑的吗？ ,20200310-20200630,
"
路-泊",@Shakira_Lu 诺 ,20200310-20200630,
"
最爱我家恩恩猪",清华？北大？选？ ,20200310-20200630,
"
丢失的汉堡包",不要奇怪，还有更不可思议的 ,20200310-20200630,
"
最爱我家恩恩猪",一看是印度，害，这位印度女性挺幸运啊 ,20200310-20200630,
"
爱吃酸奶的菇娘",差不多 ,20200310-20200630,
"
十北29465",啊这，叫你不当回事儿 ,20200310-20200630,
"
给我一块锅包又",你在圣母的同时也在诅咒别人的家人，那你又在这里装什么好人，披着自以为是善良的外壳的恶毒人罢了 ,20200310-20200630,
"
Pioooneer",这层楼没必要嘲讽吧，挺惨的其实。他们和其他在疫情中死去的人一样可怜。 ,20200310-20200630,
"
倾城繁华比不上你微微一笑",干的漂亮 ,20200310-20200630,
"
普通市民-唐sir",这是一个悲伤的故事 ,20200310-20200630,
"
不是所有的喜欢都可以如愿以偿",????救命 ,20200310-20200630,
"
羽生信炎",啊这，福建晋江毒王这就被宁忘了？我看你是故意在这挑拨是非，你收钱了吧 ,20200310-20200630,
"
NodaMegumiGoGoGo",转发微博 ,20200310-20200630,
"
十北29465",你们你们好多个也对 ,20200310-20200630,
"
稍息立正站好504",简化一下,20200310-20200630,
"
过来给我香一下",@你眼中的柔情千种如脉脉春风 ,20200310-20200630,
"
SVT-刘佳鑫",聪明也要打引号哦 ,20200310-20200630,
"
Pioooneer",太惨了真的 ,20200310-20200630,
"
日落跌进星河里ivy",@只恐夜深花睡去丶 挖槽啊我不是染上了吧 ,20200310-20200630,
"
Ki_Moz",悲剧啊 ,20200310-20200630,
"
小辣椒家的",这爹妈也是坑娃，生病了也要吃个药办婚礼，难道不应该先去医院看看吗 ,20200310-20200630,
"
xxxywi1",@cpgcpgcpg 恐怖 ,20200310-20200630,
"
遗忘的深情在睫",催命的婚礼 ,20200310-20200630,
"
--晴雯--",男孩子不应该也感谢生在中国吗 ,20200310-20200630,
"
KingShiLau",@宋雪呢 ,20200310-20200630,
"
青灯伴烛",啊这。。给印度阿三鼓个掌吧 ,20200310-20200630,
"
桃子不吃鱼也不爱哭",@没想好昵称的鱼仔 ,20200310-20200630,
"
神仙昭昭",额。。。当时一个村里流水席多人感染你忘了？真以为互联网没有记忆？ ,20200310-20200630,
"
与隙",真的有点担心。。。 ,20200310-20200630,
"
小猫什么的最可爱了",新娘太可怜了吧 ,20200310-20200630,
"
Environmentatmosphere",@想成为一只小号hhh ？？？？ ,20200310-20200630,
"
MooiZeeVer",@没脑子的疯纸 ,20200310-20200630,
"
一碗甜粥33",最近印度的新闻总让人有种毛骨悚然看恐怖片的感觉 ,20200310-20200630,
"
MooiZeeVer",@王小悦最近有点胖 ,20200310-20200630,
"
是我盛哥a",虽然不地道，真的想笑 ,20200310-20200630,
"
一碗甜粥33",新郎去世？？？？？？！！！！我的天 ,20200310-20200630,
"
番茄浓汤炖牛腩",公知最喜欢说的话“中国当时”“中国也”，你倒是摆证据啊，不然你就是造谣 ,20200310-20200630,
"
寻笙是个小可爱",举报不谢 ,20200310-20200630,
"
世上没童话",结婚两天成寡妇害人害了他人 ,20200310-20200630,
"
给我一块锅包又",这……你就过分了吧 ,20200310-20200630,
"
DD_SHEro",牛粪治愈一切 ,20200310-20200630,
"
给我一块锅包又",那也是 我措辞也有不当 对不起伤害到了你 讽刺你确实是我不对 我会把评论删除 ,20200310-20200630,
"
伊人jhouse",原谅我笑出了声 ,20200310-20200630,
"
SoWHaTtAhwos",恐怖 ,20200310-20200630,
"
肖肖的丫丫",哈哈 ,20200310-20200630,
"
境风掠过",@予拾叁 额…… ,20200310-20200630,
"
1只瑜ovo",好恐怖，说要烧死 ,20200310-20200630,
"
F沏杯茶",喜事成丧事 ,20200310-20200630,
"
栀虞0203",冲喜冲得 ,20200310-20200630,
"
小柚的海",哈哈哈哈哈笑死我了，不知为何看见阿三这样莫名爽感，哈哈哈哈哈我知道这样不对但我就是爽 ,20200310-20200630,
"
懂不起_Denis",喜丧 ,20200310-20200630,
"
阿狸KKK涂抹YY",也是生命？ 你家死人我也跟你开玩笑 ,20200310-20200630,
"
敏敏haruKi",2天就死了？神速 ,20200310-20200630,
"
東野渡石",见了 无语 印度条件还那么差 ,20200310-20200630,
"
薄荷味de藼",阿三还是牛粪吃少了…… ,20200310-20200630,
"
2021年是幸运的一年呀",印度阿三?? ,20200310-20200630,
"
取也",我没有在科普，我是在陈述一个事实。这和层主在说反话的用意并不冲突。你自以为是的贬低我来博取快乐，你又高明到哪里去？ ,20200310-20200630,
"
薄荷味de藼",不愧是阿三! ,20200310-20200630,
"
素菲Elsa",嗯嗯。病毒传染力太强了 ,20200310-20200630,
"
吴威男Komorebi",都给我看傻了 ,20200310-20200630,
"
摩诃萨里尔",酒店改灵堂 ,20200310-20200630,
"
ChromeCurry",一个奇葩种族，不要怪我种族歧视 ,20200310-20200630,
"
芒果小姐姐MIN",阿三的脑回路真清奇 ,20200310-20200630,
"
从良氵良",元素周期表又多了一个元素 ,20200310-20200630,
"
飏菁-",@AspiringCC 。。。 ,20200310-20200630,
"
瑶婉凝",卧槽，这么可怕吗 ,20200310-20200630,
"
邵宗胜_",可怜的新娘，结婚两天就变寡妇了 ,20200310-20200630,
"
YGRG-",不好意思 我是真忍不住想笑啊哈哈哈哈 ,20200310-20200630,
"
椰子拉面吹吹海风",@東野渡石 真行 ,20200310-20200630,
"
是法内狂徒的小徐嗷",高仿归高仿，疫苗它还真造不出来！某种意义上说，高仿还是自己制造业落后，法制意识不健全的体现呢 ,20200310-20200630,
"
冯敏王万研",听说印度人在抵制中国货可笑 ,20200310-20200630,
"
猫猫stefanie",希望能吸取教训，清醒清醒 ,20200310-20200630,
"
喜欢四毛",2天的新娘……能去哪里？ ,20200310-20200630,
"
Timeles旧约i",我淦，那是不是全世界最惨的女性 ,20200310-20200630,
"
浑身彩蛋",牛逼 ,20200310-20200630,
"
風吹麥浪_yi",阿三要将老美的精髓学到并贯彻到底 ,20200310-20200630,
"
xoooxoooxooox",啊！就这？ ,20200310-20200630,
"
阿锦公子",刚结婚就把丈夫克死了（保命） ,20200310-20200630,
"
海欧杰瑞",多搞点???? ,20200310-20200630,
"
帮帮不吃芒芒",这不神经病么 ,20200310-20200630,
"
大头6866",印度不怕、美国照着你 ,20200310-20200630,
"
爱吃酸菜的猫-",人类迷惑行为大赏，生活真是比小说荒唐百倍 ,20200310-20200630,
"
哈哈哈哈你死定啦",那是因为欧美药企借用印度做活人实验，你以为白给？ ,20200310-20200630,
"
2021MOVZJUME",这是喜丧啊 ,20200310-20200630,
"
给我别闹",办完婚礼办葬礼 ,20200310-20200630,
"
紫色小喵",好 ,20200310-20200630,
"
Jessica小辣娇儿",新娘实惨 ,20200310-20200630,
"
BlingBling-妙啊",烧火棍 ,20200310-20200630,
"
在沙丘上等狐狸的阿煌",你们35个说得都对 ,20200310-20200630,
"
原来是野原新之助啊",@很高的冷 ,20200310-20200630,
"
不可不疯癫",我的天哪 ,20200310-20200630,
"
虞兮虞兮ga",我挺心疼你们的爱情 但是 自己要去聚有什么办法 ,20200310-20200630,
"
heyanny_ca",@WegotHistoryM  ,20200310-20200630,
"
_桃乐茜的来信",你们三十四个说的都对 ,20200310-20200630,
"
艾米妮tbx",愚昧是拯救不了的 ,20200310-20200630,
"
糯米饭团子正男",死老公 居然成真 ,20200310-20200630,
"
Haotianya",噗嗤 ,20200310-20200630,
"
开心市民小小木",笑死我了 ,20200310-20200630,
"
一枪崩了嘤嘤怪",阿三谁人能懂 ,20200310-20200630,
"
我是一只特立独行的小小小猫咪",真好 ,20200310-20200630,
"
我叫敬敬啊",@城市真小 @铁锤妹妹98 ,20200310-20200630,
"
为什么非要加后缀",新娘好惨 ,20200310-20200630,
"
柳边一只猪",喝消毒水 ,20200310-20200630,
"
青车尔尔",还有人精印吗 ,20200310-20200630,
"
贾一龙是我",敢啊，中国治这个病是免费的，而且医疗资源也不错 ,20200310-20200630,
"
妮妮乏了o",活该 ,20200310-20200630,
"
greatfiona",不是杠 但是好像说了新郎父母知道新郎发烧了 劝他吃药 然后继续举行婚礼...（真的不知道该说他们无知还是不重视这个疫情 现在不仅儿子去世了 同时这么多人也感染了..... ,20200310-20200630,
"
小排的黎明",呵呵哒 ,20200310-20200630,
"
佛系少女000111",@Craiwn 红事变白事????哈哈 ,20200310-20200630,
"
七点半的阳茪",實在抱歉 我看到這個「新郎已去世」真的笑出聲 ,20200310-20200630,
"
xh_1202",好好好。 印度给他得瑟的 ,20200310-20200630,
"
柳边一只猪",孟婆说,20200310-20200630,
"
不散的和弦-恒",@矮油-小娇羞  ,20200310-20200630,
"
Gun别烦你爹",参加婚礼＝一起上路，实在是惨 ,20200310-20200630,
"
熊猫小可乐",人民也可能拿着横幅抵制china ,20200310-20200630,
"
尾巴桀",口罩别卖给他们 ,20200310-20200630,
"
Annie_Poo",悲惨 ,20200310-20200630,
"
_我是你的小小鸡",@黄小虾Yuki ,20200310-20200630,
"
尾巴桀",他们是不是用手吃饭，然后拉屎了，然后拥抱握手，然后没洗手继续吃了一顿，然后这就是粪口传播最好的解释 ,20200310-20200630,
"
小懒猪妞520",印度不奇怪 ,20200310-20200630,
"
杞夫子",你们108个说的都对 ,20200310-20200630,
"
伴之心安_",这新郎。。。死得有点快啊，结婚当天估计已经很严重了吧？ ,20200310-20200630,
"
己卯年遇见的喵",？？？？？？？？ ,20200310-20200630,
"
My繁小苑",？？？@soda只是不开心 ,20200310-20200630,
"
小丸子是小新妈妈",有症状都不检查吗？这是突然就恶化了？两天就死了。 ,20200310-20200630,
"
华灯初上的微博",病毒说,20200310-20200630,
"
52大嘴猴",看着小三儿还是那么的优秀我就放心了 ,20200310-20200630,
"
willp0wer",真的吗太夸张了 ,20200310-20200630,
"
年糕不在糖",哈哈哈哈哈哈哈 ,20200310-20200630,
"
鲁昶昶深井冰",@来自象牙山的社会王 这… ,20200310-20200630,
"
一少的世界你不懂",赶快去喝神水，不然晚矣 ,20200310-20200630,
"
舟Queen小满",亲朋好友一锅端啊这是 ,20200310-20200630,
"
Cherry沐南",这么严重还举行婚礼，害，怪不得印度那些很穷的人民都说传播新冠肺炎的都是那些富人们 ,20200310-20200630,
"
BOOM啵儿",办婚礼新郎已去世 ,20200310-20200630,
"
风碎池中荷",新郎去世也惨了点，另外疫情期间如果不得不办婚礼也必须从简啊…… ,20200310-20200630,
"
Yan俊泽",新娘刚结婚就要守寡 ,20200310-20200630,
"
挥星",我去 ,20200310-20200630,
"
睡不醒的星野",人类迷惑行为 ,20200310-20200630,
"
进击的终结者",挺好的，喜事丧事一起办 ,20200310-20200630,
"
RELEVE美妆食堂",我的天！！ ,20200310-20200630,
"
专爱杠杠精",阿三发起狠来连自己人都抵制！ ,20200310-20200630,
"
没有灵感的设计师",唢呐手，奏阴乐 ,20200310-20200630,
"
我就是不吃青椒啊",漂亮 ,20200310-20200630,
"
Yegp0001",估计都感染上了 ,20200310-20200630,
"
翔宇08081994",这很印度 ,20200310-20200630,
"
君不见黄河3256760670",有毛病 ,20200310-20200630,
"
-氢贰氧-",@进击的张浪浪 可怕(??ó﹏ò??) ,20200310-20200630,
"
金子3508756863",人才 ,20200310-20200630,
"
李文革1999",哈哈哈哈哈哈哈哈 ,20200310-20200630,
"
今天也想暴富丿",@常识稀缺唛 这个新闻。。。 ,20200310-20200630,
"
Sawyer_1028",神奇的国度 ,20200310-20200630,
"
我的梦想开一家奶茶店",哎 ,20200310-20200630,
"
勤可勤劳",喜事边丧事 ,20200310-20200630,
"
开什么国际玩笑2017",株连九族加友邻连坐 ,20200310-20200630,
"
蔡沐木与她的费列罗先森",艾玛 冲喜冲过头了 ,20200310-20200630,
"
孫超凡8",干的漂亮 ,20200310-20200630,
"
Timeles旧约i",咋滴自己不想结婚还不行自己人身自由都控制不了？ ,20200310-20200630,
"
Smile向暖暖",作死的 ,20200310-20200630,
"
想要甜甜的昵称_",@史蒂芬·鑫 办婚礼 两天后 办丧礼 ,20200310-20200630,
"
坤坤的最小新",真行 ,20200310-20200630,
"
Sco-Nov11",啊这，太突然了 ,20200310-20200630,
"
婕妤隋将军",真好 ,20200310-20200630,
"
苏老师和他的德芙小姐",@蔡沐木与她的费列罗先森 天秀操作，丧事喜办 ,20200310-20200630,
"
黑我爽姐我咬死你",你们三十个说的都对 ,20200310-20200630,
"
沧澜锦衣",都病倒了那还有力气去喝喜酒 ,20200310-20200630,
"
c77889989",不是中国造不出这样假药，你把真药拿来，拿去研究研究一下就出来了，只是中国法律不允许， ,20200310-20200630,
"
o甜酱芝o",………有毒 ,20200310-20200630,
"
淋风2936",喝啥丧酒啊 没几天亲戚朋友也都去了 下面慢慢喝吧 ,20200310-20200630,
"
蜗牛牛牛牛34",也可能知道感染活不长了，赶紧结婚 ,20200310-20200630,
"
ARMY_Hzm",@yan_嫣嫣嫣儿  ,20200310-20200630,
"
杨小毛_",如果是印度的话，一定可以的吧@本人很慢哦 ,20200310-20200630,
"
草莓一點都不甜了o",…… ,20200310-20200630,
"
Emily·Washington",印度寡妇立刻烧死 ,20200310-20200630,
"
雷御风x8855",过几天有个婚礼，瑟瑟发抖 ,20200310-20200630,
"
忧伤的神啊",结婚还没过七天，就要过头七 ,20200310-20200630,
"
致命小羊",哈哈哈哈哈哈哈哈哈 ,20200310-20200630,
"
iMMMMonita",红红火火恍恍惚惚 ,20200310-20200630,
"
我爱夏天forever",这算冥婚 ,20200310-20200630,
"
福吉吉吖",还蛮难过的 ,20200310-20200630,
"
宇智波丶Obito",干得漂亮 ,20200310-20200630,
"
又摘桃花换酒钱0",。。。。。。 ,20200310-20200630,
"
胡狄",有可能是骑在同一个摩托车上一起感染的 ,20200310-20200630,
"
喵喵喵喵喵仔C",锣鼓敲起来！ ,20200310-20200630,
"
胡狄",印度特色 ,20200310-20200630,
"
不要惹我耍流氓",把饮料换成牛尿绝对不会感染 主人家不周到啊 ,20200310-20200630,
"
我的脑子需要冷静一下",感觉印度这个国家要剩没几个人了…… ,20200310-20200630,
"
eyucham",太多女权对中国不满 ,20200310-20200630,
"
挑食到没朋友",哎，虽然两个国家目前关系微妙，但是作为普通人的我们还是被历史裹挟着，无辜的平民死去还要被人嘲笑。哎 ,20200310-20200630,
"
孙常跪",这…… ,20200310-20200630,
"
Emily·Washington",简单。红门宴 ,20200310-20200630,
"
淋风2936",很多种说法 一种说法是旧上海租借的印度巡警 经常说I see I see 谐音就成了阿三 ,20200310-20200630,
"
Acolasia繡",@於我而言- ,20200310-20200630,
"
赵丽颖金雯昕我女神",问题是新娘没事。这剧本，又可以写入电视剧里了。 ,20200310-20200630,
"
hey-lsssss",确实是，那个印度公交车惨案真的触目惊心 ,20200310-20200630,
"
爱在心醉",有钱人家，检测这么多了 ,20200310-20200630,
"
z文墨",他的全家人估计都感染了 。 ,20200310-20200630,
"
仙人掌能吃",有点搞笑，虽然有点不地道笑的 ,20200310-20200630,
"
很宅的眼睛君",希望人没事??（阿三不算人） ,20200310-20200630,
"
人文和风",看不懂看不懂 ,20200310-20200630,
"
叮呤呤呤呤噹",不是，对不起，看到说新郎去世了，我真的笑了。看来这印度普遍侥幸心理？ ,20200310-20200630,
"
洗头变美女",印度阿三可太逗了 ,20200310-20200630,
"
天高渚清沙白鸟",去查查印度新娘的嫁妆事件 ,20200310-20200630,
"
虫不可以语冰",真的假的 ,20200310-20200630,
"
polejuice",迷惑行为 ,20200310-20200630,
"
z文墨",已经发烧了，传染了这么多人，唉！ ,20200310-20200630,
"
兔纸学者",你说的不算 ,20200310-20200630,
"
吾爱厉旭",有点方 ,20200310-20200630,
"
心二萌",只要说话的都对 ,20200310-20200630,
"
-寿喜锅终极爱好者",无言以对@西西是个哈哈怪 ,20200310-20200630,
"
不知名帅哥99",哈哈哈哈哈哈哈哈哈哈活该哈哈哈哈哈哈哈哈 ,20200310-20200630,
"
兰雪团",牛粪和牛尿的量不够 ,20200310-20200630,
"
碎石bass小胖子",这真的是在给印度减轻人口负担 ,20200310-20200630,
"
听手机说今天是晴天",@GD如意 ,20200310-20200630,
"
z文墨",新娘应该也感染了吧？ ,20200310-20200630,
"
嘣嘣儿要喝冰阔落-",?????? ,20200310-20200630,
"
凶残的人类_",雾草，真的假的……那不是很惨 ,20200310-20200630,
"
_把故事听到最后才说再见Jay",@为什么非要加后缀 emm流批 ,20200310-20200630,
"
著名运动员-罗志祥",报应 ,20200310-20200630,
"
一个月换五次昵称",印度啊，那没事儿了 ,20200310-20200630,
"
星黛露吃兔兔",女生太惨了 ,20200310-20200630,
"
季秋三月",印度仿药真的极度厉害。。。关键是真的有效果而且成本成倍的降这不得不服的 ,20200310-20200630,
"
妖妖饼是猪猪",@一日九赤郎 ？ ,20200310-20200630,
"
好名都让狗起了cat",其实这仅仅只是检测到的，未检测的可能归为意外或者感冒?? 。可怜的新郎?? 。。。 ,20200310-20200630,
"
木子喵喵09",人家脑回路清奇，肯定觉得神会保佑 ,20200310-20200630,
"
苏格呆底",@塔子空 内个………… ,20200310-20200630,
"
z文墨",别了又传染一波 ,20200310-20200630,
"
蓝邱爷",印度的婚礼都是那种大婚礼，几千人好几天的那种，真挺惨的。 ,20200310-20200630,
"
你好阿嫮",有毛病 ,20200310-20200630,
"
可惜风雨流年",在印度，当牛都比做女人安全。当然印度人也会强奸牛 ,20200310-20200630,
"
星星和",中国当时这种事少吗?主要还是看政府大力宣传，民众都当回事了，才能避免这种事。 ,20200310-20200630,
"
赦尔无罪",这是打算两家子整整齐齐？ ,20200310-20200630,
"
YY落地不成箱",仿制后再以三分之一的价格卖到全世界 ,20200310-20200630,
"
期待爱and发现爱",病毒灭族 ,20200310-20200630,
"
钟睡不了觉",点进来才看到新郎已去世？？？ ,20200310-20200630,
"
赵平沈占",男孩子更要感谢生在中国，要是生在印度已经死球了 ,20200310-20200630,
"
DenDenSen",来给阿三放上音乐,20200310-20200630,
"
樱桃阿楠子",@小时代000000 ,20200310-20200630,
"
Ch1nAGuozZ",@ibgdrgn_章 ,20200310-20200630,
"
凶残的人类_",……？ ,20200310-20200630,
"
千里飒沓",？？？ ,20200310-20200630,
"
我爱的他生性薄凉",新娘好可怜。 ,20200310-20200630,
"
杏眼尾巴兔",我去 魔幻 ,20200310-20200630,
"
不开心村民小小土",这也是一生一世了吧 ,20200310-20200630,
"
我不想再漂hk",香港政府有一套，今天新增20几例印度入境 ,20200310-20200630,
"
Rescueeeeeee",虽然但是 我今天就要在这里哈哈哈哈哈哈哈哈哈 ,20200310-20200630,
"
_夏花花花_",大便国家 ,20200310-20200630,
"
那个南极不太冷",办完婚礼接着办丧礼，三哥牛逼 ,20200310-20200630,
"
Boyce宇",接着摆酒吧。 ,20200310-20200630,
"
我的天使没有泪",自信点，100 ,20200310-20200630,
"
风语无恋",希望新娘没事 ,20200310-20200630,
"
ZiodBerg",两天去世，这新冠毒性增强了？ ,20200310-20200630,
"
漪悠沁",喜大普奔 ,20200310-20200630,
"
小青蛙呱呱哇哇呱呱",你有病吧，不管女生生在哪个国家都应该自由，怎么不被打骂就要感恩谢戴了？有毛病吧，大家都是人凭什么 ,20200310-20200630,
"
爱吃酸奶的菇娘",新娘好可怜 两天就成寡妇了 ,20200310-20200630,
"
今晚我去偷月亮",好家伙，直接就送去恒河了 ,20200310-20200630,
"
承又气的雨刮器",在父母的劝说下…… ,20200310-20200630,
"
为撒不让我改名呢",安排的明明白白 ,20200310-20200630,
"
张小妞___",哦?? ,20200310-20200630,
"
他听不见风",@社会主义的完美建设者 ,20200310-20200630,
"
Judyzebra",有被笑到哈哈哈哈哈哈 ,20200310-20200630,
"
大头vvv大头",真棒 ,20200310-20200630,
"
呀二丫呀呀呀",按女方付彩礼这个，在中国完全就是娶男方，可是在印度却是女性地位低。 ,20200310-20200630,
"
尼德霍格的驯兽师",一个老黑 一个印度 从不心疼还要叫好?? ,20200310-20200630,
"
世界很小-zZ",新郎家骗婚吧？ ,20200310-20200630,
"
浅蓝1997-",@-Lubove ,20200310-20200630,
"
如山中春风",好 ,20200310-20200630,
"
虽曾在接你啊",哎，咋弄的呀， ,20200310-20200630,
"
幸运仔啊",哦，阿三的迷惑行为 ,20200310-20200630,
"
Summer_Vivian18",印度那社会环境，新娘难呀 ,20200310-20200630,
"
玉伽咯",发生在阿三身上，我为什么悲伤不起来，甚至还有点想笑呢 ,20200310-20200630,
"
来一发糖心炮弹",这是个神奇而迷惑国度 ,20200310-20200630,
"
离开你爱笑的眼睛",此处应该有掌声啊?? ,20200310-20200630,
"
shi_juanjuanna",只要胆子大 今天婚礼 后天葬礼 ,20200310-20200630,
"
旷野海东青",阿三那边。。。。 我们也无所谓其实 ,20200310-20200630,
"
jessiessj",看着清一色阴阳怪气的评论有点无语 ,20200310-20200630,
"
爆炒虾仁肉",有一说一，该 ,20200310-20200630,
"
花落雪天舞",因为他们进入我国边界导致我国边境军人出现伤亡可以作为骂印度人的原因吗 ,20200310-20200630,
"
SMLE-MKIII",印度人还怕新冠啊？喝点恒河水不就好了吗 ,20200310-20200630,
"
奋斗中的凡凡",就不能等疫情过了在结婚嘛，不就是个仪式吗 ,20200310-20200630,
"
祈求福气常伴身旁",一碗恒河水干了 ,20200310-20200630,
"
酷一点做自己",我脑洞有点大…这婚礼的意义不会是为了让新郎去世吧…… ,20200310-20200630,
"
吖_咿呀咿呀_",瑟瑟发抖 ,20200310-20200630,
"
吖_咿呀咿呀_",emmm 我们要@她吗？ ,20200310-20200630,
"
得瑟的小情绪427",喜丧一起办了，省事 ,20200310-20200630,
"
Bibala-Bong",印度不可以 ,20200310-20200630,
"
暴躁的小圈圈丶",估计一起用手抓那种屎一样的饭吃了之后中毒的人 ,20200310-20200630,
"
奥力给干了xdm",为什么去世的不是xz ,20200310-20200630,
"
维妮不爱吃花生",脑回路清奇 ,20200310-20200630,
"
努力努力再努力的飞飞酱",@再见---谢谢你们的鱼 ,20200310-20200630,
"
茗王星666",这算是自动打印吗？ ,20200310-20200630,
"
月色娟娟hao",这条新闻也太“印度”了吧！ ,20200310-20200630,
"
JeffreyHu",随便他们去说， ,20200310-20200630,
"
H辉辉爽歪歪S",真的是这样 刚出现疫情那几天嗓子疼给自己吓死了 核酸检测阴性 后来发现是连续几天喝饮料喝水少上火闹的 ,20200310-20200630,
"
清水河里有鱼Q",确实，6.14刚考完试，新发地就爆出来了，然后没几天感觉嗓子痒老咳嗽，6.10核酸检测阴性，然后然后出现症状之后我也不出门了，又测了一次还是阴性，没吃药，多喝水没两天好了......一琢磨我咽炎犯了.....快吓死我自己了 ,20200310-20200630,
"
互助天下100",全是乱讲，没文化 ,20200310-20200630,
"
叶赫那拉·脸盆",瞒报 太缺德了 ,20200310-20200630,
"
SSSirwin-Ye",那您和国家上报吧 让国家给北京以外的人提高提高教育？北京以外的人可以上升到国家了吧 ,20200310-20200630,
"
奂奂",咋想的？ ,20200310-20200630,
"
小刘叶刀",无语?? ,20200310-20200630,
"
duanxuya",是的 坐标海淀区 ,20200310-20200630,
"
除你之外",你是北京人吗 ,20200310-20200630,
"
想谈恋爱的猫奴",检测和治疗明明是两回事呀 ,20200310-20200630,
"
Manymoneymore",您字多算您对 ,20200310-20200630,
"
长街千堆雪丶",北京有你真是丢人啊 ,20200310-20200630,
"
长街千堆雪丶",这素质，人家都没说是哪的人，你这直接就说瞒报就是外地人，造谣犯法知道吗？还说别人没素质，见过不要脸的，没见过这么不要脸的 ,20200310-20200630,
"
土豆亚星人",不免费总得报销一部分吧？ ,20200310-20200630,
"
瘦肉丸子子滋滋",这有可能会误导其他人啊 ,20200310-20200630,
"
瘦肉丸子子滋滋",没气哈 就是很搞笑明明有的地方不是免费的啊。之前新闻也说过现在已经不提供免了。不了解事实为什么要一直这样和别人说呢 ,20200310-20200630,
"
duanxuya",是的 我就在北京 现在治疗不免费了 所以好多人没有症状或者轻微症状不上报 ,20200310-20200630,
"
两条扛大队长",！？ ,20200310-20200630,
"
YuNuoooo",我也是北京人，不想争论对错，只觉得楼主给自己招黑，哪的人都有好坏，这种说话的方式会给北京抹黑的。 ,20200310-20200630,
"
起个昵称真麻烦a1",哈哈哈好久不见 ,20200310-20200630,
"
鸦鸦大大",要是买不到高比例的就买低的呗。既然都知道自己买不了高的就买低呀 ,20200310-20200630,
"
鹿满川",哎呀，被捉了 ,20200310-20200630,
"
惟宁静方致远",中国百姓的现状 ,20200310-20200630,
"
sHlMING8688886",吃玩才几秒钟就好，到现在也没事，应该预防疫情和治愈是很好的药品，癌症晚期都治好过 ,20200310-20200630,
"
小雨新荷",你这是打哪儿听来的？ ,20200310-20200630,
"
sHlMING8688886",你说的有点对，我在3月份只是那么一想马上喉咙痒疼有是咳嗽的历害有些受不了，我才想起我有特效药就那来吃了两口，是慢慢吞的才有效果，结果两口吞下立马就不痒疼也不咳嗽了后来我有大吃一口完全好了，真的很特效，这药也祖传的长命药，有人用这药治好癌症是真的 ,20200310-20200630,
"
随心is大美心",隔离期间有症状不上报的也别治了，直接埋了吧 ,20200310-20200630,
"
Manymoneymore",怎么 您确诊了？这么气 ,20200310-20200630,
"
金属巩阿",网络上重拳出击 现实中沉默不语 ,20200310-20200630,
"
prpr萌么",那就保护好自己吧 ,20200310-20200630,
"
有只泥鳅",鼻炎和咽炎还挺普遍的 ,20200310-20200630,
"
Champion是小悦悦呀",切不…啥？ ,20200310-20200630,
"
这就是个垃圾桶什么都有",评论里一堆人眼瞎，扯什么吃空调嗓子疼没必要报。看清楚，人家说的是隔离人员。都隔离了，有问题不赶紧报去排除是不是发病了，靠自己硬挺？ ,20200310-20200630,
"
爱辣无忧吐",不是850吗 ,20200310-20200630,
"
春之上秋之左",都是城墙根儿下的爷 ,20200310-20200630,
"
wen30775",是的，春夏最难过 ,20200310-20200630,
"
李睿jessica",不收费，反正我没收费 ,20200310-20200630,
"
LoveMuses_草莓酱",那我也不希望大多数北京人被你代表，你说很多北京人都有优越感就都有优越感了？我在外地生活时间比你长。你是被仇京人士洗脑了吧。 ,20200310-20200630,
"
不冝",这不正常么？喉咙不适也是新冠病毒感染的症状，不排除清楚感染其他普通病人怎么办？就像做手术之前还要排查肝炎梅毒艾滋呢 ,20200310-20200630,
"
Allen咕嘟",唉，想啥呢 ,20200310-20200630,
"
-赢一把就睡觉-",我们已经解封了，社区管理的很好，但是在小区里面遛哒，真的有时候社区管不上，因为隔离的特别及时，社区也挺忙的，说实话就这个期间，快递外卖小哥都有不戴口罩的，我只是觉得完全凭个人吧，毕竟都知道是隔离小区，自己都不怕… ,20200310-20200630,
"
我有数不清的好哥哥",如果不免费就不治了？？？轮子脑里有泡吧 ,20200310-20200630,
"
-赢一把就睡觉-",社区很负责，各方面做的都挺好的，但肯定不能管到每个人戴不戴口罩，幸好隔离时期已经过去了。 ,20200310-20200630,
"
自欺不要欺人",一个人若思想不前进，那么永远不能和时代共进！大环境在防疫，你还沉浸在无谓阶段，那么你只能被人排斥！ ,20200310-20200630,
"
s龙小仙s",多注意，保持重视，保重身体 ,20200310-20200630,
"
wenyi46149",关 注 ! ,20200310-20200630,
"
北投有善Rap者",害 素质差的哪都有吧 和北京人外地人根本没关系 ,20200310-20200630,
"
北投有善Rap者",对 而且之前新冠的症状里是没有鼻子难受的 ,20200310-20200630,
"
高志东-北京结防",新冠肺炎的症状多样、不典型。大家日常要做好个人防护，关注健康状况，出现不适症状要全程做好防护及时就医。集中隔离、居家隔离人员请严格按照隔离要求，调整心态，坚持做到不外出，每日监测报告体温，出现任何身体不适均要及时报告，按要求就诊；配合做好检验检测和环境消毒 ,20200310-20200630,
"
七色彩虹179",看在医护工作者们这高温天气如此辛苦！同胞们都要自觉 ,20200310-20200630,
"
ShineidyW",判刑吧，别废话了。 ,20200310-20200630,
"
蜜糖洛",有些是看热闹不嫌事大 ,20200310-20200630,
"
蜜糖洛",说了是不典型的症状，你才有病吧 ,20200310-20200630,
"
蜜糖洛",骂人的有什么问题吗？说了是不典型的症状，你早上起来嗓子干觉得喝点水就好了你能知道是新冠？动不动就追责，有病啊！ ,20200310-20200630,
"
瘦肉丸子子滋滋",现在不免费 能听懂? ,20200310-20200630,
"
迷你黑白键",缺德不，为啥不重罚了 ,20200310-20200630,
"
惟宁静方致远",网民们是不会这样想的，他们只会锦上添花或者落井下石。 ,20200310-20200630,
"
玺欢小雪糕_",我愿意说，就像你愿意回复我一样 ,20200310-20200630,
"
墨染霜华年",我们这里只要是隔离人员就都检测两次的，哪怕只是居家隔离 ,20200310-20200630,
"
若飞若立若无其事",这都想啥呢 ,20200310-20200630,
"
呼吸困难4308",只能怪病太狡猾，症状不明显真不好说。隔离人员先不说，就说普通大众，假设稍有点不舒服，无论是咽炎还是因为心理问题，都上报，那医疗资源也会被拖垮的 ,20200310-20200630,
"
Eir_小Y",这半年诸多不易，希望下半年一切都能好一点，北京加油，高考加油。 ,20200310-20200630,
"
Ttoutes",我也是????一到晚上睡觉就嗓子痒要咳嗽 一量体温还不到37 真的是没病都给吓出病来 ,20200310-20200630,
"
流浪的小小小小丸子",还有这样的 ,20200310-20200630,
"
Lllll77111",那我就不知道了，全家省医保，只有我一个没工作的啥也没有而且我户口不在常驻地好多事情好麻烦，最后只能买两份商保 ,20200310-20200630,
"
Lllll77111",有比例区别吧。。不然新农合和省医保，你选哪个 ,20200310-20200630,
"
容我笑一笑121212",命重要啊，不能儿戏 ,20200310-20200630,
"
陈先森CN",阴暗 ,20200310-20200630,
"
路灯小侠",@奂奂 ,20200310-20200630,
"
Yo-yo淼",作妖啊 ,20200310-20200630,
"
dddddqi",不是说了轻症吗，肯定是那种没多想的，不到发烧这种程度。比如鼻塞，咽痛之类的，现在天热又吹空调，轻微的感觉没多想 ,20200310-20200630,
"
Manymoneymore",我上个月做的 ,20200310-20200630,
"
dddddqi",我就是鼻炎，天天堵，已经十几年了。这咋算 ,20200310-20200630,
"
我要吃饱了再说吧",对自己负责，对家人负责 ,20200310-20200630,
"
肚子饿了很久君专用吐槽xh",对吧我就觉得有点怪怪的 难道他想再测一次保个险？ ,20200310-20200630,
"
只想躺着做条咸鱼子",？？？害人害己？ ,20200310-20200630,
"
竹生V",还是楼主所谓的北京人牛逼，不会被感染。，只会脑残… ,20200310-20200630,
"
什锦二娃",你真的去外地生活过吗……我没有别的意思，我是真的被每一个非北京外地朋友在知道我来自哪里之后第一句就问“哇，你们是不是真的京骂”，那种感觉不太好你懂吗……我是说大家首先应该本地人不要引战被人误解，可是这位层主就是在挑起这个矛盾。另外我是北京人，我爱我的城市，这一点也不用你来质疑我。 ,20200310-20200630,
"
最先沦陷的是夜晚",热评为什么这么冷漠啊，请多给陌生人一些理解吧，换位思考一下不行吗 ,20200310-20200630,
"
什锦二娃",？？？难道这位层主不就是？ ,20200310-20200630,
"
懵懵小海豚",武器级别应该试用公共安全罪。 ,20200310-20200630,
"
绿萝pi",我懒得和你杠，都说了是轻微症状，症状不明显，大家没在意，所以还要提高警惕，语文没学好请重新读个小学，别在网络上随便嘴臭 ,20200310-20200630,
"
想一个昵称快累死了",早发现早治疗啊，迷瞪啥呢 ,20200310-20200630,
"
很近的地方910",根据危害后果 ,20200310-20200630,
"
鸦鸦大大",一定要省市医保才能报销？不是是医保就能报吗？那平时买的医保是什么类型？我以为是医保就能报的 ,20200310-20200630,
"
小林林的异想世界",@懒人icy ,20200310-20200630,
"
月落霜天00",危害公共安全是很重的罪判定方式也很严格，这个显然不算= = ,20200310-20200630,
"
GondTam",还不是怕要钱，应该落实告诉他们是免费治疗的 ,20200310-20200630,
"
世界那么大mi",直接坐牢吧 ,20200310-20200630,
"
axm1534",危害公共安全罪！直接死刑，看看还有没有人敢隐瞒！ ,20200310-20200630,
"
热情JUCKY",病毒确实会攻击脑子 ,20200310-20200630,
"
天官赐福--",潜伏期太长了，坚持坚持！ ,20200310-20200630,
"
大漠我无痕",没武汉人自觉 ,20200310-20200630,
"
天官赐福--",隔离的人，怕确诊，也怕出名！这些隔离的也不容易！ ,20200310-20200630,
"
实习生GH",想想医护人员的辛苦！ ,20200310-20200630,
"
石小时6248452872",都好好配合，让疫情赶快结束不行吗？ ,20200310-20200630,
"
小憨憨和我的日常",对啊，拉肚子也算 ,20200310-20200630,
"
逼王",转发微博 ,20200310-20200630,
"
小憨憨和我的日常",可能空气不好 ,20200310-20200630,
"
小憨憨和我的日常",那最好呀～ ,20200310-20200630,
"
我是怪兽他妈的老公",像极了那时候的我 ,20200310-20200630,
"
YF-杨杨杨",有的，之前帮我没有工作的家人和孩子在社区买的什么医疗的，一年两百的那种。然后，社保好像是可以自费买的。只不过很多人觉得不划算。 ,20200310-20200630,
"
YF-杨杨杨",这个新闻里说的不上报的是隔离人员，也就是有过密切接触的，不上报真的说不过去。 ,20200310-20200630,
"
木木夕永爱蓝",不可大意，更不可轻视病毒！ ,20200310-20200630,
"
马克罗卡",各位老北鼻消停点行吗？有病快看，别扯犊子！ ,20200310-20200630,
"
楸栀肃语",这个我也不知道，但是他来做核酸检测应该是之前没做过，所以很奇怪都确定为隔离人员了，却没有给这些人单独做检测 ,20200310-20200630,
"
知是派",出现症状，及时报告，为了自己，也为他人 ???? ,20200310-20200630,
"
爱喵的米",因为有炎症呀。你要注意饮食清淡，不要熬夜。好好养生啦。加油！ ,20200310-20200630,
"
男人都有纳妾的心",不说别的，他们不上报不治病，不怕死的吗？ ,20200310-20200630,
"
-花展颜-",核酸检测结果呢 ,20200310-20200630,
"
久麻子金针菇哦",任何地方都是，只要感冒发烧一律去发热门诊，一去就是验核酸和抗体，但是有的地方免费有的地方自费 ,20200310-20200630,
"
LittleStar_Xin",话说是星火好用还是华研好用 ,20200310-20200630,
"
CarolTting",我也是咽炎，之前对比症状还以为自己中招了，但是想自己也没有去过那边也没有怎么接触那边的人啊，做了核酸阴性放点心，但心里还是揪着的 ,20200310-20200630,
"
岳守毅",最恐怖的事严重了会发烧唉????????都会过去的 ,20200310-20200630,
"
爱喵的米",会过去的。我也慢性咽炎，可难过了今年气候不好，还老发作。过敏性鼻炎+慢性咽炎 ,20200310-20200630,
"
崩溃的豆子",那就不知道了，具体的还是要看当地的政策吧 ,20200310-20200630,
"
青泽_leo",@脾气好饮食清淡又很勤快 ,20200310-20200630,
"
岳守毅",我没说他们，我就说我自己，就是突然觉得好难啊，唉????这个病毒赶紧过去吧 ,20200310-20200630,
"
譚傑C",那就隐瞒了？按法律可以坐多久？ ,20200310-20200630,
"
霖语阁",严控！ ,20200310-20200630,
"
晴天午後睡大覺_",都免费呀都已经隔离了，不知道发烧意味着什么吗？ ,20200310-20200630,
"
单口喜剧刘也行",立案侦查 ,20200310-20200630,
"
花生很好吃呦",我儿子前段时间发烧感冒去医院检察，带有新冠检测的都是免费的，其他的不免费，很正常啊 ,20200310-20200630,
"
稻草飞飞",咋想的？嫌命长？ ,20200310-20200630,
"
熊先生魔法",不会有人打个喷嚏都觉得自己是得新冠了吧？ ,20200310-20200630,
"
像青風一样",谁给你说的不免费了，不知道不会去国务院官网查查？ ,20200310-20200630,
"
AndrewT7",我记得好像武汉疫情差不多没了就说免费治疗结束了啊… ,20200310-20200630,
"
izwini12354",害 ,20200310-20200630,
"
LoveMuses_草莓酱",你真的是北京人？我都怀疑你是批皮黑……啥叫很多北京人根深蒂固优越思维啊？我看你是把所有北京人都代表了。 ,20200310-20200630,
"
我是蒙蒙呀",你都隔离了，还硬挺什么？？？ ,20200310-20200630,
"
刘华强泰安分强",我刘华强就问他们，这瓜保熟吗？ ,20200310-20200630,
"
起个昵称真麻烦a1",捉!! ,20200310-20200630,
"
迷失铝青年",人呐，啥时候才能不心存侥幸 ,20200310-20200630,
"
Zoya作天作地浪",之前不是报道新冠国外是脚趾红肿水泡溃烂嘛，看着还挺像脚气的 ,20200310-20200630,
"
崩溃的豆子",这种检查费肯定要交吧，确诊的话就免费治疗 ,20200310-20200630,
"
是初一呀1",@笔花_墨雨 ,20200310-20200630,
"
_竹玥",我二月中旬从外地返回家中，隔离的那半个月每天都觉得自己不舒服感觉不是这疼就是那疼，每天都百度新冠的症状，后来觉得可能是在屋里除了吃就是睡可能是身体状态不好，然后每天在屋里跟keep做做运动觉得好多了，还瘦了几斤 ,20200310-20200630,
"
很近的地方910",依据危害后果认定妨害传染病防治罪或者危害公共安全罪 ,20200310-20200630,
"
YL_平安祈愿",换个想法 风一吹 打了喷嚏 算嘛呢 ,20200310-20200630,
"
嘟嘟妈的围脖",可能，睡着了也不知道啊。冬天明显，多喝水能缓解 ,20200310-20200630,
"
夏夜晚风遥遥",每个省不大一样好像 ,20200310-20200630,
"
米菲susu",@太阳在这儿 ,20200310-20200630,
"
萧大兴",艹，过年在家时候，地暖太热了，弄得我浑身燥热，天天都在琢磨要不要去发热门诊这有啥好隐瞒的啊诶 ,20200310-20200630,
"
四猫俩狗的生活",城镇职工医疗保险城镇居民医疗保险一老一小农保，总有一款适合你 ,20200310-20200630,
"
做自己的Kathy",我父母单位还有人去过新发地市场的，在家隔离期间还外出 ,20200310-20200630,
"
爱喵的米",说得是已经隔离的人员。不是普通人呀 ,20200310-20200630,
"
安妮大正月",哪里都有素质差的 ,20200310-20200630,
"
爱吃小甜蛋",必须惩罚！ ,20200310-20200630,
"
有瑲葱珩",这说的过了，轻微症状和吹空调着凉吃坏了拉肚子差不多，绝大多数人意识不到，而且那时候没人觉得这个环境有病毒 ,20200310-20200630,
"
幸运_风火轮",理解不了 ,20200310-20200630,
"
wukong悟空啊",感染了这个病，国家是给免费治疗的，所以，国家也更应该严格管理和防控。如果能够做到在轻症时及时发现并给予及时治疗就能够阻止发展成重症，这样国家节约治疗资源，更重要的是个人也能少受罪。各个隔离点能够这样宣传一下，也许就都理解了。我觉得隔离点可以在思想上多关注一下被隔离观察人员的心态 ,20200310-20200630,
"
铁蛋爬墙",症状太轻根本不知道自己有症状好吗！咋上报？ ,20200310-20200630,
"
乐点点",哎，这是想什么呢？以为能自愈吧 ,20200310-20200630,
"
驱魔小学生",这种可能会被骂死吧 ,20200310-20200630,
"
宝贝浅浅呀",山西某高校学生离校时发烧39.4° 真的没人管管吗 ,20200310-20200630,
"
秀姐教你护肤",多少钱啊你们检测？ ,20200310-20200630,
"
想做你的心头肉1314",求求大家了，都诚实点吧！赶快让疫情过去吧，真的太耽误事了 ,20200310-20200630,
"
期盼光明的仙er",哦哦 那我在等几天 唉 等的好焦灼 ,20200310-20200630,
"
比初恋还甜的甜甜",@八月是可爱哒 ,20200310-20200630,
"
不为长生27361",没必要没必要 ,20200310-20200630,
"
希瑾末",坐标浙江宁波，前两天老公嗓子疼高烧，他想在家修养，我劝他直接去医院做检测。不是最好，如果不幸染上新冠也可以早治疗，也给身边的人、邻居一个提醒。万幸只是扁桃体发炎，打了两天吊瓶快好了。有症状千万去医院，对自己对他人负责。 ,20200310-20200630,
"
张小琪1991",害人害己 ,20200310-20200630,
"
TBW整个人都不好了",@吉吉吉尔菲艾斯 ,20200310-20200630,
"
秀姐教你护肤",多少钱啊你们检测？ ,20200310-20200630,
"
想做你的心头肉1314",求求大家了，都诚实点吧！赶快让疫情过去吧，真的太耽误事了 ,20200310-20200630,
"
期盼光明的仙er",哦哦 那我在等几天 唉 等的好焦灼 ,20200310-20200630,
"
比初恋还甜的甜甜",@八月是可爱哒 ,20200310-20200630,
"
不为长生27361",没必要没必要 ,20200310-20200630,
"
希瑾末",坐标浙江宁波，前两天老公嗓子疼高烧，他想在家修养，我劝他直接去医院做检测。不是最好，如果不幸染上新冠也可以早治疗，也给身边的人、邻居一个提醒。万幸只是扁桃体发炎，打了两天吊瓶快好了。有症状千万去医院，对自己对他人负责。 ,20200310-20200630,
"
张小琪1991",害人害己 ,20200310-20200630,
"
TBW整个人都不好了",@吉吉吉尔菲艾斯 ,20200310-20200630,
"
各归南北",你连意思都没理解还来杠，我的天 ,20200310-20200630,
"
Dontdeep",马上复工 ,20200310-20200630,
"
我在六里桥卖切糕",太真实了 ,20200310-20200630,
"
姑娘春困秋乏夏打盹",前提 你不是隔离人员 ,20200310-20200630,
"
杨刚刚刚刚刚刚刚好",对啊，睡觉出个空调早上醒来都难受，这也要报？ ,20200310-20200630,
"
夏雨巴仁",动机是啥呢？情愿死？ ,20200310-20200630,
"
金属巩阿",对啊 我也是这种想法 ,20200310-20200630,
"
下海干活",唉呀，啥时候是个头 ,20200310-20200630,
"
亚斯斯大大",这些不上报的热都在想些啥呢，脑子是坏了吗 ,20200310-20200630,
"
大佬柠檬日常",到底在想啥 ,20200310-20200630,
"
芝士焗是力量",我觉得也是，如果真的感染了肯定是会害怕的，人得有接受的过程 ,20200310-20200630,
"
五朵朵1101",可这些人都是高危人群，和你不一样，你又没有接触确诊病例 ,20200310-20200630,
"
花天酒地溶溶子",我们办公室就好几个感冒的…… ,20200310-20200630,
"
单亦休",万泉盛景园 ,20200310-20200630,
"
不置可否818",宝贝，你太可爱了，注意休息 ,20200310-20200630,
"
MIS郭家小妹",咋想的，脑子也傻了 ,20200310-20200630,
"
唯愿二老安好",病毒影响脑子吗 ,20200310-20200630,
"
就这样安稳的生活",为啥不上报？真的是搞笑的咧 ,20200310-20200630,
"
姐姐快去吃炸鸡",最近阴军来了不少 ,20200310-20200630,
"
小道可观矣",是这样的 ,20200310-20200630,
"
边忆边寻yu",现在虽然医保联网了，但是如果在家乡没有设立医保账户，跨省市也没办法使用。但咱国家对新冠患者应该是有无医保都免费治疗的。可能这位保洁阿姨不清楚。 ,20200310-20200630,
"
朝曰野",@番茄壹玖 @花天酒地溶溶子 你两注意额 ,20200310-20200630,
"
白龙在田",这些城里人，怎么说呢，自私自利。 ,20200310-20200630,
"
宁缺九",我湖北人，从湖北出来四个月了，前几天淋雨有点喉咙不舒服打喷嚏，自己起医院做完核酸了才回来喝了板蓝根 ,20200310-20200630,
"
sh羊eep",北京不结束电影院不开我们其他小地方也开不了今年高中毕业生已经很惨了旅个游还要隔离麻烦痛快点让我们最差最差也能看几次电影吧 ,20200310-20200630,
"
正经市民吖",绝了。 ,20200310-20200630,
"
深山老林子子子子子",？ ,20200310-20200630,
"
夜妆的名字不能用",没确诊前自费检测，确诊后免费，没毛病啊。你同事喉咙痛就是确诊新冠了吗？ ,20200310-20200630,
"
爱喵的米",已经是隔离人员了，就是任何症状都要报告的。 ,20200310-20200630,
"
蓝色星空525",你去医院问问再这么说吧，我上周去看鼻炎，医生说了3月25新冠纳入医保，多余部分自己出。进口药物是不给报销的！我们也一直以为全免费呢 ,20200310-20200630,
"
面朝大海胡吃海塞1",真是坏透了 ,20200310-20200630,
"
夜妆的名字不能用",隔离和治疗都分不清啊 ,20200310-20200630,
"
stanfoxlee",咋弄 ,20200310-20200630,
"
什七zZ",@腿长吃不胖 服了 ,20200310-20200630,
"
蓝莓味糖心",？？？有新冠治新冠免费啊，这玩意儿都给你免费不是工资上交给国家了haishil怎么了啊，怎么评论都一群说话不过脑子的啊 ,20200310-20200630,
"
三只蜜蜂1116",全关小汤山去 ,20200310-20200630,
"
橙色小表弟",也就是说明天要报很多确诊出来了吧？心理建设一波先 ,20200310-20200630,
"
91年的她",确实是！现在居家隔离社区连问都不问的！也不管！ ,20200310-20200630,
"
三只蜜蜂1116",成全他们 ,20200310-20200630,
"
乐生4003",别说…真的开始攻击脑子了…国外已经是脑炎了 ,20200310-20200630,
"
三只蜜蜂1116",全让他们去小汤山医院 ,20200310-20200630,
"
LYK橘柚咖啡",明要去检查，又怕本来没事，检查时候中招，我已经没救了，天天担心死了 ,20200310-20200630,
"
Hellethil",想赶紧回去挣钱养家吧，哎，可是身体才是革命的本钱啊 ,20200310-20200630,
"
北京京电国瑞",现在完全能理解灭霸。 ,20200310-20200630,
"
杯水晶珠",应检尽检也收费 ,20200310-20200630,
"
北京京电国瑞",金域华府？ ,20200310-20200630,
"
用户572109876990005",搞不懂 不想活啦 ,20200310-20200630,
"
O-uss33",有病吧？什么都先地域黑 ,20200310-20200630,
"
北京京电国瑞",这么搞没准保洁大妈真不去了，就硬抗了。 ,20200310-20200630,
"
邓三三儿",@敖叽嗝儿 ,20200310-20200630,
"
蓝色星空525",新冠从3月25开始就不免费了，我去医院看病，医生亲口说的，只是纳入医保了，其余部分自己出，大部分药物都是进口白蛋白，500一支 ,20200310-20200630,
"
每天都可以呼呼大睡吗",建不建啊？ ,20200310-20200630,
"
大囍Gloria",@owrew ,20200310-20200630,
"
北京京电国瑞",素质是家教，当你说这话的时候有想过素质俩字么 ,20200310-20200630,
"
左岸-莫转身",检测要钱，治疗才不用OK？ ,20200310-20200630,
"
Hubuhua",抓人 ,20200310-20200630,
"
洋葱圈ccc",啥意思？作死呢？ ,20200310-20200630,
"
龙头游资",不能掉以轻心啊…… ,20200310-20200630,
"
羊小日文",各省市严控出京人员吧。 ,20200310-20200630,
"
向着阳光718",图啥呀，越早治越容易，万一严重了不还是自己遭罪 ,20200310-20200630,
"
每月换男朋友中",………… ,20200310-20200630,
"
小天使畅畅的男朋友",那个医院核酸850 ？ ,20200310-20200630,
"
柠檬不吃酸只吃糖",？？怎么就多数外来了？ ,20200310-20200630,
"
霜月·雪成",好！！！ ,20200310-20200630,
"
阳光LYH2016",脑子有病吧， ,20200310-20200630,
"
z文墨",现在口罩很好买，为啥不带呢？大爷大妈如果感染治起来有点复杂呀！你得保护好自己。 ,20200310-20200630,
"
三葉要改昵称",您理解错了噢！跟哪的人没关系，而且我也不是在说人素质差，而是理解他们。 ,20200310-20200630,
"
不会说话嘴闭上",脑子是个好东西可惜你没有，连检测和治疗两个词都分辨不清楚，小学毕业证买的吧 ,20200310-20200630,
"
披着大灰狼皮的小白兔",我哥前几天肠胃炎发烧 到医院单间隔离 一天三顿饭三菜还是四菜一汤来着 不要钱 两遍核酸阴性让回家了 ,20200310-20200630,
"
我是小科科luck-223",哈哈哈哈哈，你好可爱啊，分辨香水 ,20200310-20200630,
"
嗨木嗨木",这帮东西脑子咋想的？？？重判这帮玩意儿才能让这帮东西脑子清醒一点 ,20200310-20200630,
"
炎头队长沉着冷静",凡是出现呼吸道症状的病人求医都需做核酸检测，这是对所有人负责。咽痛也是呼吸道症状。 ,20200310-20200630,
"
hf飘移",生病成本高？心慌慌@甘肃刘维忠 @FM1052文仔 @爱问医生-精神心理 ,20200310-20200630,
"
巩雨菲-GYF",是的 毕竟这个症状太多了 好多好多种类都算症状 ,20200310-20200630,
"
-Elensar-",？？？？？？？？？ ,20200310-20200630,
"
是我dio哒94595",确诊了的话免费治疗的 ,20200310-20200630,
"
天湿已经不足以形容了那就时湿吧",@水烟酬月 你说的就是这个？ ,20200310-20200630,
"
自在菠萝蜜",早报告、早治疗啊！这是怎么想的 ,20200310-20200630,
"
祝兰兮",可能他没有医保 ,20200310-20200630,
"
娇娇19841023",北京的管控基本就靠社区了，社区就那几个人，负责的打电话偶尔上门问一下，不负责的靠自己吧，所以为什么是北京反弹，很多漏洞，后期还不知道要反弹几次呢！ ,20200310-20200630,
"
豆角盖被",@蜜丝豆角 …… ,20200310-20200630,
"
明日有填鸭0515",我之前胃疼的不行 去了医院也是要检测核酸 我觉得太贵了 买药回家了。。。。 ,20200310-20200630,
"
guzuoer",可能症状轻到他认为不是新冠肺炎 ,20200310-20200630,
"
青春不会回来了",自费吧 ,20200310-20200630,
"
干净么食安",又被我说中，被隔离，有症状都不汇报。为啥？为啥？为啥？我们除了骂他们，有没有真正的想过为啥？不解决这个问题，防疫很难的。对这个病毒的恐慌，歧视，让很多人不愿意报告的。 ,20200310-20200630,
"
爷有点菜_",？？？？？？？？？？海淀的我一丝恐慌 ,20200310-20200630,
"
Marcheis-Z",的确很多患者靠自身免疫系统痊愈，到现在都没有特效药，医院也只是辅助治疗 ,20200310-20200630,
"
jiaqiang丶Kyrie",北京人牛逼 ,20200310-20200630,
"
快乐生活的壹女士",看关键字也知道，症状不典型，不易引起重视，所以不是刻意隐瞒的 ,20200310-20200630,
"
绑个揪揪好乘凉",这是自己不想好了吗？ ,20200310-20200630,
"
ostaryr",关键他们是已经在隔离点隔离的人了。。 ,20200310-20200630,
"
断肠人在吃瓜",白金人儿是这样的 ,20200310-20200630,
"
ksln2012",再加三个隔离期（3*14），且自费。 ,20200310-20200630,
"
宅小喵污",有毒 ,20200310-20200630,
"
高速飞行列车",不典型？？？难道是非典型肺炎？？？ ,20200310-20200630,
"
_甜心小寶貝",不要做又蠢又坏的人！ ,20200310-20200630,
"
柒from1987", @德尔菲娅 ,20200310-20200630,
"
魔法女巫真维斯",是啊而且北京这么干…常年没病也是嗓子干喉咙哑鼻子难受想咳嗽打喷嚏的…碰上症状轻微，真的不好判断 ,20200310-20200630,
"
夜再深",不把自己的命当回事拜托好歹把别人的命当回事吧 ,20200310-20200630,
"
热巴的Vien",我前两天发烧了都吓得我赶紧去医院了 ,20200310-20200630,
"
爱上飞行的蜗牛",不是说牛羊肉大厅高危吗 ,20200310-20200630,
"
·-_-·",这是什么??行为 ,20200310-20200630,
"
宛若智障的牛阿腩",是不是抽风了！！！不要钱给你看病啊！！！治病要紧啊！！？ ,20200310-20200630,
"
夏夜晚风遥遥",核酸检测当然不免费，又不是治病真的得病了你看免不免费 ,20200310-20200630,
"
风雨相思红袖手",所以需要延长更多的隔离观察期 ,20200310-20200630,
"
whgjhymm",必须严密做好防护！已查出人员要坚持及时治疗，这既是对自己的一种保护，又是对他人的负责任和保护！……中国必胜！…… ,20200310-20200630,
"
落霞满天yu",已经在隔离了，肯定有症状要说呀，而且天天问有啥症状么， ,20200310-20200630,
"
弱者总是抱怨-",@秦是秦晋之好的秦 包括你吗？ ,20200310-20200630,
"
whgjhymm",必须严密做好防护！已查出人员要坚持及时治疗，这既是对自己的一种保护，又是对他人的负责任和保护！…… ,20200310-20200630,
"
即唧唧喳喳",你要是真不想治就好好待家里等死别出去祸害别人 ,20200310-20200630,
"
密会大佐布莱尔",病情轻的时候不治，病情发展重了不怕死吗？ ,20200310-20200630,
"
爱上飞行的蜗牛",都隔离了还想不到？ ,20200310-20200630,
"
王泽峰ing",我编的 ,20200310-20200630,
"
蒹葭砂糖",不是闹着玩的！ ,20200310-20200630,
"
王泽峰ing",我编的 ,20200310-20200630,
"
带土的女朋友",评论区里有些人我真是长见识了 难道不免费你就不去治了？ ,20200310-20200630,
"
王泽峰ing",我编的 ,20200310-20200630,
"
爱上飞行的蜗牛",卖海鲜的比一般工薪族有钱多了，别小看别人。疫情都大半年了，没有一个中国人对此是无知的，就别装天真了 ,20200310-20200630,
"
蓝莓炸酱面",对 我这边武汉的 前几天感冒了怕是新冠 所以自己在家把自己关到一个房间里了????后来吃了几天药就好了????就是普通感冒空调吹多了 ,20200310-20200630,
"
带土的女朋友",不管是不是免费治疗 不上报本身就是不对的吧 万一给自己家里人和身边朋友都传染了怎么办 真是脑子有病 ,20200310-20200630,
"
爱上飞行的蜗牛",北京不是出文件，核酸限价120？有病就医，诊断是咽炎你不想输液就开药，这种小病大医院都不随便输液的，除非你真的是新冠 ,20200310-20200630,
"
秋芊茉",有症状就报告啊，自己得病舒服啊！再说了，对他人也不负责任呀！ ,20200310-20200630,
"
G-G-G-G-baby-baby",为什么呢，在想什么呢 ,20200310-20200630,
"
迷失铝青年",大哥这是传染病哎，反正我跟我家人都一直说感冒了就算第一时间不去医院，也千万不能去公共场所，你自己觉得能扛过去，但是被你传染的人呢？ ,20200310-20200630,
"
兔子小姐备考中",我去，脑子有病 ,20200310-20200630,
"
-SsoaY",这层楼奇奇怪怪，一直都是治疗免费，有些地方如果自己要测核酸，核酸自费而已，谁说的治疗自费 不带脑 ,20200310-20200630,
"
绿色的辛巴",等自愈？ ,20200310-20200630,
"
jacktao159",不判刑？ ,20200310-20200630,
"
_小假期",是不是张着嘴睡觉 ,20200310-20200630,
"
去不掉的是深情",真的很多人松懈了，我刚生完宝宝两个多月几乎不出门，也不太敢带孩子出门，太小了没法戴口罩。我那天出门寄个快递，发现门口好多六七岁的小孩一块玩都不戴口罩，周围还有几个家长也是有的带有的不带。真不知道怎么想的。。。。北京还没清零呢就真么心大。。。。 ,20200310-20200630,
"
贰柒YiBo",你闺蜜得病的是脑子吗还是传染的都传染给你了 ,20200310-20200630,
"
落霞满天yu",想等死 ,20200310-20200630,
"
奇怪彩虹中",在家呆了一个月，啥事没有 ,20200310-20200630,
"
Emmmaai",想死呗 ,20200310-20200630,
"
夏后嶟",前一段吃完零食开始轻微低烧，喉咙痒，结果过了一会好了，差点没吓死我 ,20200310-20200630,
"
zealzzz",请让他们牢底坐穿 ,20200310-20200630,
"
快乐花花2019遇见快乐羊",#关注新冠肺炎# 希望疫苗早上成功上线，还生活本来的样子。 ,20200310-20200630,
"
一个18岁的大人",今天老咳嗽，不知道是最近用嗓子过度还是......去过公厕 ,20200310-20200630,
"
今天喝可乐没丶",谁告诉免费的，早就自费了 ,20200310-20200630,
"
深圳地铁站生活圈",发现身体异常及时上报是救自己啊 ,20200310-20200630,
"
coser南橘",干嘛啊干嘛啊！！！我还想出门玩呢！！！ ,20200310-20200630,
"
瘦肉丸子子滋滋",现在不免费啊 ,20200310-20200630,
"
一颗恋爱糖_",而且花钱的还是只有需求的人才去检测，毕竟要花钱，一般呆在家的人也不去凑热闹，而如果免费，那所有人没事也要去测一测，你还只是五点钟去排队？？？你半年都不一定轮到你， ,20200310-20200630,
"
岳守毅",去医院看病要抽血，胸片，核酸前段时间还很贵，现在北京还有2-300的还有更贵的好像就不清楚了前段时间，还要输液拿药 ,20200310-20200630,
"
晃来晃去囧",朝阳大妈去卧底查查 ,20200310-20200630,
"
椰汁喵喵",？？？说是哪的了？？？？ ,20200310-20200630,
"
YuliaCH",这脑子里面不是水的问题了 ,20200310-20200630,
"
韩韩与哈哈",我知道了 ,20200310-20200630,
"
椰汁喵喵",出现任何症状都赶紧上报吧，对自己和他人都好 ,20200310-20200630,
"
夜空中最黑的恒星",开除国籍吧 ,20200310-20200630,
"
Ida原名叫小翠",核酸不是才一百多块码 ,20200310-20200630,
"
小人人2010",这层的朋友是不是都有点焦虑症 我也一样 从过年咳嗽到3月份 好不容易不咳了 前几天又咳 关键我们这离北京也近 还觉得自己发烧 可是测了体温也不高 纯属自己吓自己 ,20200310-20200630,
"
lady--丽",亲身经历？ ,20200310-20200630,
"
一颗恋爱糖_",强制？是你去那要遵守人家的规则好吗??????而你没有然后你选择花钱检测获取，这是你自己的选择，你也可以选择不去啊，搞笑哦，你去北京也是国家强制你一定要去？那你是可以找“强制”你的那个人报销，怎么没人来强制我花钱检测？ ,20200310-20200630,
"
Ida原名叫小翠",我这两天也是胸闷咳嗽，你说叫120吧有点犯不上，就赶紧去做核酸了 ,20200310-20200630,
"
一条吃素的秋刀鱼",像我这种几乎每次黄体期体温能飙到37.4的总是在犹豫中徘徊 ,20200310-20200630,
"
半推半就半矜持2015",上火引发起的咽炎对做核酸检验会有影响吗 ,20200310-20200630,
"
黑暗中的旋转木马",难道武汉当时那么惨痛的经验教训这些人都觉得是假的吗 ,20200310-20200630,
"
机灵灵1号",那你去美国啊。美国帮你免费治 ,20200310-20200630,
"
橙汁范",为啥啊 ,20200310-20200630,
"
最美紫色",给你治，还不上报，看看美国都没得治！ ,20200310-20200630,
"
万他娘岁",我真的 三月在北京的时候真是低烧咽痛 跑了好几次发热门诊 最后医生都说你可别来了 ,20200310-20200630,
"
爱吃粘豆包的皮卡丘",想死 ,20200310-20200630,
"
爸爸的老父亲",不是，八线城市，我们福建那边口罩都摘了 ,20200310-20200630,
"
与我坠星河lh",寻思啥呢？？！？ ,20200310-20200630,
"
fengge6688",对于有钱人来说，命比钱重要，对于穷人来说，钱比命重要 ,20200310-20200630,
"
圆圆圈圈画圈圈圆圆",新冠的症状，普通感冒和呼吸道慢性病都有，让人家怎么报告? ,20200310-20200630,
"
土-河",可能没医保，报不了。 ,20200310-20200630,
"
不烦2017",亲测核酸检测检查不要钱 ,20200310-20200630,
"
36Coisini",无症状的病例都一抓一大把，都已经隔离了还有症状居然还瞒报，心咋那么大，再说了，现在是病例数多国家帮你治的时候你不治，非要拖到别人都好了你变成重症了那时候再自己全款治  ,20200310-20200630,
"
橙汁儿炖鱼",地域黑 爬 给爷爬 ,20200310-20200630,
"
wen30775",唉今年真的难，尤其是对我们这种鼻炎患者，祝大家都平平安安健健康康的撑过去吧 ,20200310-20200630,
"
土-河",年龄大了，生死看淡也是有可能。加上文化素质低，不知道病毒意味着什么，低中高风险意味着什么。。只在意自己最直观的生理感觉，饿，渴，热，困。。。 ,20200310-20200630,
"
鲸与鲸寻",神经病 ,20200310-20200630,
"
fengge6688",你以为呢，农村人得了大病，从来都不去看，就回家等死，早点把棺材做好，谁有那么多钱看不，就算有那么多钱，也不敢赌，最后钱没了，人也没了 ,20200310-20200630,
"
小卷毛三岁",我也是 ,20200310-20200630,
"
干梅超人",不上报的就直接拘留吧 ,20200310-20200630,
"
cleansingcream7",我也是在北京，有咽炎，自己去医院输液吧，做核酸就得500-1000，再输点液又得一千多，真没法过了，现在又失业在家。 ,20200310-20200630,
"
2021我们被世界温柔相待",真的是迷惑行为不对自己负责也不考虑他人吗？ ,20200310-20200630,
"
美目眇兮-",我也是 ,20200310-20200630,
"
三石头1234",哪个地方核算检测850？ ,20200310-20200630,
"
轩轩_Zzx",我朋友在上海告诉我上海110块，我们八线城市，只有一个医院有试纸，还是上级市发下来的，就这么贵。 ,20200310-20200630,
"
汴狼",讳疾忌医 ,20200310-20200630,
"
洪阿思-",我觉得说的没毛病啊，北京这次很多都是新发地的外地人员。平时就是卖菜卖海鲜的小商贩。确实法律意识比较低。而且可能社保真医保都没怎么上。平时挣也不多，怕有病看不起。 ,20200310-20200630,
"
最近喜欢仰望星空",看看国外，多少人染上新冠没条件治，咱国家这么重视，这些不配合的、有症状不上报的真是“身在福中不知福”！ ,20200310-20200630,
"
壮士又怀上了",让他们死！啥玩意啊国家这么有情有义你们却处处不配合！ ,20200310-20200630,
"
CycZERO0826",臭老外地 ,20200310-20200630,
"
太强了这厮爱发呆",我和我周围人都是?? ,20200310-20200630,
"
兔兔姜姜",不上报治疗等死吗 ,20200310-20200630,
"
抹茶穆斯_ets",检测不出来，说人家没报告症状，有些症状都不明显怎么说，年初不人传人也是你们说，什么都让你们说了，就不能有些责任担当？总把这些无法判断的问题推给老百姓呢？ ,20200310-20200630,
"
葡萄不酸raq",病毒向上扩散了吗，真是什么人都有 ,20200310-20200630,
"
今夏忧心",沙雕，脑子呢，大半年过去了，现在还是失业阶段，全国经济下滑的厉害，现在还搞这一出！ ,20200310-20200630,
"
巴啦啦小魔仙呜呼拉呼全身变",害上回熬夜晚了第二天有点头晕我都有点想去搞个检测 ,20200310-20200630,
"
甜味吴娜娜",不上报的脑子里想什么呢 ,20200310-20200630,
"
黄小咪小姐",请一定上报 ,20200310-20200630,
"
惟宁静方致远",是啊，应该想办法解决百姓的困难，而不是要求百姓去积极克服困难！ ,20200310-20200630,
"
无奈我叫什么都重",隔离期出来乱跑的没人管吗…… ,20200310-20200630,
"
肚子饿了很久君专用吐槽xh",完了 看完这条新闻 我突然开始嗓子痒 ,20200310-20200630,
"
小憨憨和我的日常",发烧还是得注意的 ,20200310-20200630,
"
柠檬kaze",？论事人家也没说是外地人啊 那你不更偏了 ,20200310-20200630,
"
溪溪家的小傻子",意识形态意识形态。唉 ,20200310-20200630,
"
肚子饿了很久君专用吐槽xh",我想问隔离中的人是已经做过核酸检测了还是什么呀？现在大家都要做核酸检测了吗？（没有杠 因为我真的不懂这个） ,20200310-20200630,
"
猫咪冯小辰",一定不要隐瞒啊！！！ ,20200310-20200630,
"
一枚小旭",对于他们来说，花钱检测出来是阴性浪费了钱，是阳性，就能免费医疗，是赚钱 ,20200310-20200630,
"
Sr你那么美",杀 ,20200310-20200630,
"
SuperYang__",瞒报的是外地人l ,20200310-20200630,
"
SuperYang__",不上报病例的就是外地人 ,20200310-20200630,
"
说好的可以改名字了呢",可能没有家 ,20200310-20200630,
"
为啥我想到的昵称都不可用",昵称确认过眼神了， ,20200310-20200630,
"
岳守毅",疫情这期间确实有所缓解？？我也是不过还是会有 ,20200310-20200630,
"
东北大肉丸",要想检测不收费，只有确诊一条路了 ,20200310-20200630,
"
蟑螂揍小强",牢房的大门随时为你敞开 ,20200310-20200630,
"
_奶茶味的脑花",自私 ,20200310-20200630,
"
千金埋骨63434",有机会活着为什么想死呢？ ,20200310-20200630,
"
北嫖少女",？？？?? 吊到了，你?? 也没了 ,20200310-20200630,
"
爸爸的老父亲",核酸就200。什么时候850？求治疗单据，我去实名举报。 ,20200310-20200630,
"
涅槃Lilith",应该不是瞒报，应该是……没当回事儿 ,20200310-20200630,
"
00年代感",上火，喝水少 ,20200310-20200630,
"
一枚小旭",我说的应该是检测收费，当然政府统一检测的除外，你没看楼主有人扯去检测和酒店隔离收费吗，这些人，简直不要脸，一百多的检测费都舍不得出 ,20200310-20200630,
"
我是你心中的美梦",别跟他们废话，发现了就判刑 ,20200310-20200630,
"
楚颦",现在的确不免费了，但是也不能不治疗 ,20200310-20200630,
"
海德薇0401",坐标武汉，我慢性咽炎这几个月在家里憋得没犯过了 ,20200310-20200630,
"
布都鈺魂",真有可能 ,20200310-20200630,
"
對於你丶硪只能選回忆",这是在想什么，病了不是早治疗么，拖得越久越严重。搞不懂这些瞒报的脑袋想什么 ,20200310-20200630,
"
张小宝蛋儿",啥时候强制公司AB班？ ,20200310-20200630,
"
爸爸的老父亲",？？？？？那写或者公告了？ ,20200310-20200630,
"
阴暗娇羞的安凉凉",有病为啥不治讷 免费的怕啥？真醉了 ,20200310-20200630,
"
三土一丿竖弯钩",这是想全家一起重新投胎吗？连带着好朋友家里？亲戚家里？ ,20200310-20200630,
"
东北大肉丸",那你说收啥费呢？现在讲的新冠 ,20200310-20200630,
"
大柔纸aimee",你可拉倒吧，你给我找出来那个说是外地的本地的了？ ,20200310-20200630,
"
大西一树",觉得自己可以挺过去？ 这是对家人负责的态度么？ ,20200310-20200630,
"
你猜我猜不猜00000",得了就免费了 ,20200310-20200630,
"
瓦恰择择",嗯嗯这个也是。 ,20200310-20200630,
"
鹿柯年",他们身上的病毒攻击了评论里某些人的脑子吧隔离检测费不自己给谁给这些人平时买一粒米都想要国家出钱吧不然国家就不行了那么贵的治疗费用谁给过说说呗就算不免费那就不治了？就这？就这？就这？ ,20200310-20200630,
"
阿诺超辛格13903",性质不同啊，理解下国家吧。 ,20200310-20200630,
"
小狮子可不这么想",一锅端 ,20200310-20200630,
"
风雨瞽",？都这么久了怎么还有人不上报？？不是吧不是吧不是吧也不是刚疫情的时候了？ ,20200310-20200630,
"
真的不是菜是网卡",啊 怎么能这样呢 ,20200310-20200630,
"
换个卷发大波浪",首都的人民思想觉悟也不高嘛 ,20200310-20200630,
"
矮的来热水瓶",瞒报的必须判重刑 ,20200310-20200630,
"
稳住123不能秃",……主要你都是隔离人员了，还不重视吗！ ,20200310-20200630,
"
爸爸的老父亲",免费治疗，不免费检测核酸（核酸检测价格在130到250之间） ,20200310-20200630,
"
柒7兮离",及时报告 ,20200310-20200630,
"
咖喱咖喱呸",我的天哪，2020年了还有人在分本不本地？哪个城市没有从别的城市来的人啊，我姥爷一家最早都是从内蒙迁来的南方，那找这么说，大家都是没素质的了？ ,20200310-20200630,
"
爸爸的老父亲",废话。。。瘟疫啊，大哥，还他么上海的。。咳嗽不检查等重度了火化吗 ,20200310-20200630,
"
咖喱咖喱呸",我也是 有时候心绞痛一下都害怕自己是不是有心脏病 ,20200310-20200630,
"
奇怪彩虹中",没事就好，祝好！ ,20200310-20200630,
"
我是冀霸",我们这免费两次怎么说 ,20200310-20200630,
"
tslemnizj",我一看新冠的新闻就觉得嗓子疼……可能人家也觉得是心理作用…… ,20200310-20200630,
"
ppk的ppq",你海外当然不免费，憨批 ,20200310-20200630,
"
天生欣赏自卑",外地人素质差 ,20200310-20200630,
"
傻乐傻乐的麦麦",坐牢吧 ,20200310-20200630,
"
奇怪彩虹中",保重身体，加油！ ,20200310-20200630,
"
Lanatedo手绘酱",这种行为不可取不可取不可取 ,20200310-20200630,
"
我却无法提笔描绘这风雅",这是图啥？之前的教训还不够吗。 ,20200310-20200630,
"
奇怪彩虹中",3月份的时候，体温37度，也不知道为什么要每天怕死了，在家自我隔离。 ,20200310-20200630,
"
哆啦丢了a梦er",太难了啊 ,20200310-20200630,
"
bari8",很多网友可能不知道，这次新发地疫情的隔离观察点，房间数少于隔离人数，多人同处一间，加上管控不严，隔离点内有人员流动的情况。这才导致了隔离点爆发聚集性传播。责怪这些外来务工人员的同时，也问一问丰台区政府的相关部门，隔离工作是怎么做的！ ,20200310-20200630,
"
北京雅",有情况及时报告，病毒这么厉害 ,20200310-20200630,
"
阿青AQING_Z",害，我家感冒啥的都不去大医院，开些药都贵的要死。 ,20200310-20200630,
"
哆啦丢了a梦er",然后工资要不出来 ,20200310-20200630,
"
小憨憨和我的日常",对的，太容易忽略了，专家之前也说了 ,20200310-20200630,
"
我是一个洗脸盆",有病吗 ,20200310-20200630,
"
二十四克纯真",这些不愿报告的人脑子是不是都短路了， ,20200310-20200630,
"
小憨憨和我的日常",是的，但是被隔离了还是得额外注意了 ,20200310-20200630,
"
小憨憨和我的日常",是的，如果是发烧了人家肯定也报了 ,20200310-20200630,
"
小憨憨和我的日常",是啊，不过被隔离的确应该格外注意 ,20200310-20200630,
"
小憨憨和我的日常",对的，还有些症状更轻微 ,20200310-20200630,
"
金属巩阿",上报麻烦呗 试想一下，居住在他周围的人，肯定会被要求隔离，造成的损失没有补偿。 ,20200310-20200630,
"
马里奥的大板儿牙",不上报的应该严肃处理 ,20200310-20200630,
"
一颗晴子KimiAn",有症状不上报？等死？拉家人一起死？ ,20200310-20200630,
"
Z昵称不改",无法用语言形容这样的人，叫人无语 ,20200310-20200630,
"
关河冷落xy",地域公鸡有意思?? ,20200310-20200630,
"
薄肆CESSMERN",你们是直接想死么 ,20200310-20200630,
"
坚果馅包子",是的，我一同学有点不舒服就怀疑自己是不是感染了，我从一开始担心后来劝她冷静再到现在的麻木 ,20200310-20200630,
"
孑然如雪",评论都怎么看的，说的是有轻微症状没有上报，轻微症状没当回事并不是故意不上报好吗？ ,20200310-20200630,
"
摆渡人的桨",我在丰台。我来说我知道的，社区安排统一检测的，就是免费。自己申请的就是自费。我朋友刚测完。至于治疗是不是现在还免费不知道，因为我身边没有得这个病的。我也天天在家坐牢一样，没出门。就这样 ,20200310-20200630,
"
SuperYang__",哈哈哈，没错，你说的很对，我根本就不生气，我想说的就是他们素质太差 ,20200310-20200630,
"
非酋阿七",这个倒是有可能，像有些气管本身不太好的，本身就容易咳嗽嗓子痒，估计没留意 ,20200310-20200630,
"
爱文颖的水蜜桃",及时治疗，既是对自己的一种保护，又是对他人的保护 ,20200310-20200630,
"
吃鱼不会吐鱼刺",既然已经隔离了，如果有点症状还是要上报的好，如果检测以后没有感染最好了，如果是那么早治疗不是更好么 ,20200310-20200630,
"
岳守毅",有中药，特别退火，喝了拉肚子减肥那种 ,20200310-20200630,
"
那几年叫小布丁_301",不是每个人都有医院医生的敏锐性的。所以不要人身攻击。 ,20200310-20200630,
"
不开心6699",等待继续发展？ ,20200310-20200630,
"
豆豆豆豆子一",你不确诊，免费给你治个der啊，楼里是做梦吗，国家免费治疗不是免费养你 ,20200310-20200630,
"
岳守毅",胸片，核酸，验血三部曲 ,20200310-20200630,
"
小樱打怪兽",我们小区好像就有瞒报的，后来确诊的两个一直没写上去，我还等了好久 ,20200310-20200630,
"
壹凌凌肆",很正常呀，好多都是平时身体很好。一些小毛病根本不当回事，总是觉得没事。客观评价一下就歧视了？那你也太容易被歧视了…… ,20200310-20200630,
"
轩轩_Zzx",所以我说了，咋说咋有理，我针对评论说的，并不是每个地区都要感冒了就核酸，我这城市到现在一例没有过，平均工资3000的城市，感冒了就要核酸850真的负担不起。 ,20200310-20200630,
"
阿青AQING_Z",所以说这种复发情况很多都是开始不重视了导致的 ,20200310-20200630,
"
喜欢漫心间",那医药费自理好了 ,20200310-20200630,
"
一分钟的时代",理解有问题啊？ ,20200310-20200630,
"
我不难",北京加油 ,20200310-20200630,
"
一夜喂眠",这种人是唯恐天下不乱啊，判刑吧，听他工资或社保，有掣肘他就报告了，这种人就得有反制措施 ,20200310-20200630,
"
大邋遢小王",哈哈哈哈哈哈我最近肺有点不舒服 我天天问我妈有没有症状 她快烦死了 ,20200310-20200630,
"
玲珑大侠",转发微博 ,20200310-20200630,
"
阿青AQING_Z",但这是隔离人员哦！而且北京目前是风险区。 ,20200310-20200630,
"
歪比歪比巴卜zz",马后炮真多 ,20200310-20200630,
"
这里是少帅",京城也有这样的人啊 ,20200310-20200630,
"
昕儿呗",不知道北京，我们这里早就不免费治疗了 ,20200310-20200630,
"
骊诺",这种人脑子有泡？觉得自己可牛逼？ ,20200310-20200630,
"
W_晴格格",我觉得你说的对 ,20200310-20200630,
"
深情的小郁闷",所以还是要出去做事的，感染的几率就高，就有可能要被隔离，然而隔离又没有钱 ,20200310-20200630,
"
李小思er",我觉得很多人有轻微症状不会第一时间拉警报吧，我前一阵嗓子不舒服只会想“哦咽炎又犯了”，睡醒了拉肚子会想“哎夜里吹空调又冻着了”，不会第一时间跑去医院查是不是肺炎啊…… ,20200310-20200630,
"
新新立",没有职工医保的也有居民医保的 ,20200310-20200630,
"
绪鄂艾米",不求帮上忙，但求不添乱，积极配合就是做贡献了 ,20200310-20200630,
"
三葉要改昵称",您好，我完全没有歧视的意思，我爸妈就在北京打工，他们平常就是这样，为了生活奔波，很难去感受身体的不适，总觉得自己没事，我说过他们很多次要带他们去医院看，但是老一辈人这种顽固意思根深蒂固很难说服。如果冒犯到您了，非常抱歉！ ,20200310-20200630,
"
今天也挺多废话的",我们家宝宝发烧去医院，给你看之前是先做核酸的，免费。 ,20200310-20200630,
"
三尺讲台系未来啊",新发地是欧洲毒株，一两个月前报道里就说过，欧洲的毒株和武汉毒株相比，潜伏期更长，症状更不典型，可能是出于这个考虑才延长的隔离期。 ,20200310-20200630,
"
梦梦的未来会很甜",早就不免费治疗了？谁告诉你的 ,20200310-20200630,
"
W_晴格格",应该是先自费检测，如果确诊了就免费治，没有确诊就自费吧。。 ,20200310-20200630,
"
prpr萌么",！？真的吗！？！我们中风险完全见不到一个不戴口罩的啊！！！！太可怕了你这个情况。是不是叫社区管理一下比较好啊 ,20200310-20200630,
"
不会说话嘴闭上",接着扯，你接着扯，我看你为了圆一个谎要造多少谣 ,20200310-20200630,
"
梦梦的未来会很甜",治疗免费 ,20200310-20200630,
"
Smile圆圆媛媛媛",快点清零吧 ,20200310-20200630,
"
巧克力--猫",还不吸取教训，想什么呢 ,20200310-20200630,
"
深深坐在沙发上",隔离时间到社区要等上级集中通知接触隔离的名单吧，之前我集中隔离的时候也多等了两天。 ,20200310-20200630,
"
大汉禅于",严惩 ,20200310-20200630,
"
焕焕天使",你怎么知道的隔离费1000+？？我有个山东朋友在新发地市场，他可告诉我他被拉到小汤山去隔离的，单间，三餐都有，加上核酸，全部免费，没有收一分钱！ ,20200310-20200630,
"
马桶噎住了",人之常情 ,20200310-20200630,
"
三尺讲台系未来啊",我也是，新发地刚有疫情那几天我也嗓子痒了好几天，现在看来其实就是上火了，喝了两天蜂蜜柠檬水就好了，有时确实很难分辨是心理作用还是真的生病 ,20200310-20200630,
"
戴面具的小红帽QAQ",天龙人果然不一般 ,20200310-20200630,
"
SuperYang__",你真是没脑子 ,20200310-20200630,
"
王长安",不上报就把它丢国外去，让它自我免疫，万一要是真成了，在拉回来研究一下，做做贡献！ ,20200310-20200630,
"
江上鱼鸟",不上报？等到病情严重了全部自费。 ,20200310-20200630,
"
吴邪男神张起灵",是啊，焦虑症严重影响了我正常生活，手都洗伤了 ,20200310-20200630,
"
楸栀肃语",对呀，而且检测那块的工作人员说他必须是小区居委会带着他来才能检测，但我就很奇怪为什么他没有在确定是隔离人员的时候就先做核酸检测，反而和大家这么多人一起排队做 ,20200310-20200630,
"
猪猪兔兔要永远在一起啊",感冒咳嗽的后遗症，还有空气污染，雾霾干咳，回家喝点热水蜂蜜水就好了的，这不能一咳嗽就去医院吧，每次挂号50，核酸检测100多，说不定还给拍个胸片，再开一堆药，1000多块钱就没了 ,20200310-20200630,
"
麻薯肉松小小贝",评论区让我对中国人均受教育水平再也不抱期望你们看不懂隔离人员出现症状的意思就算了 ，连“隔离期间”发生症状的意思都不知道吗 ,20200310-20200630,
"
吴邪男神张起灵",对，只能安慰自己说假如真的中招只能说是天命了 ,20200310-20200630,
"
得了吧董小姐",做核酸检测的钱 肯定是 要自己掏钱的 楼住说的是治疗这个病 ,20200310-20200630,
"
璀璨shadow",治疗几十万都打不住有几个人花得起？？？嘴上功夫 ,20200310-20200630,
"
宰劫难逃",真的服了这些人了 真的有脑子吗 ,20200310-20200630,
"
股市直播间骗子",我长湿疹了。是不是新冠病毒引发的？向谁报告？ ,20200310-20200630,
"
淡烟流水素年锦时",找死呢 ,20200310-20200630,
"
流光一w一",原来病毒也是会影响脑子的 ,20200310-20200630,
"
千里步雩_",这和素质没关系吧 症状本来就不明显 难不成天天疑神疑鬼跑医院吗多少沾点nt ,20200310-20200630,
"
不会说话嘴闭上",治疗费用医保报销，密接者检测免费，你是海外呆久了语文不行还是良心不行？ ,20200310-20200630,
"
独立小楼99",这说的是集中隔离还是居家隔离的？如果是居家隔离的，出现了轻微症状、自己不自觉还到处乱跑的，这就太可怕了。 ,20200310-20200630,
"
羽蒙qiao",这操作 ,20200310-20200630,
"
-莹喵-",我不确定被隔离人员的医疗知识水平和敏感程度，既然大家都听从指挥去隔离了，如果真是知道症状，没人不想自己早得到治疗吧 ,20200310-20200630,
"
我叫孟臻",我们环北京地区进出北京强制要求必须得有核酸检测证明不然禁止出入京，做检测的医院从早上五点多排好几米长队！既然强制要求做凭什么收费？！ ,20200310-20200630,
"
_乖妈_",抱抱我家附近老人也是 ,20200310-20200630,
"
不如我们简单点",老实说疫情期间要是碰到个感冒发烧啥的，还真挺吓人。平时估计咳嗽两声不当回事，现在恨不得天天拿测温度计量着。 ,20200310-20200630,
"
MagicQi2021",看来是之前瞒报的判的太轻了吗 ,20200310-20200630,
"
Vanish桮茶",你夸我干嘛阿 ,20200310-20200630,
"
BlaineZhang",早发现早治疗，这是打算拖成重症直接进棺材才报告吗？ ,20200310-20200630,
"
不会说话嘴闭上",隔离和治疗分不清是小学语文老师死得早还是没钱买现代汉语小词典？ ,20200310-20200630,
"
-莹喵-",是不是应该发宣传手册，播放宣传视频给被隔离人员看呢，比如症状并非类感冒症状，还有腹泻，皮肤病，味觉变化，等，， ,20200310-20200630,
"
萌萌刘小同学",判刑吧 ,20200310-20200630,
"
Beihdd-",疯批 疯了吧 操 ,20200310-20200630,
"
不会说话嘴闭上",so？如果真的家里揭不开锅（首先我对你这种臆测存疑），当地妇联、儿童基金会、社区、左邻右舍找了吗？3000有3000的活法，30000有30000的活法，明知自己只有3000，却不去积极想办法自救，指望着国家当保姆政策全覆盖？少跟我在这搞白左那套，现有渠道不利用，上来就要求政策为你而改，脸真是比磨盘还大 ,20200310-20200630,
"
十一嚜",怎么想的？？ ,20200310-20200630,
"
黑户JJ在线冲浪",这都能地域黑？ ,20200310-20200630,
"
花火yo",好活，赏！ ,20200310-20200630,
"
2021犇犇犇犇犇",这样的人就不要免费治疗了，浪费国家的钱。 ,20200310-20200630,
"
yeahlive",不上报干啥啊！自己能治啊！ ,20200310-20200630,
"
萌m宠c宠c",有的人会这样 不敏感 之前有无症状感染者其实有症状 只是非常轻也不敏感 ,20200310-20200630,
"
GAo聪RR",说的很真实 落到谁身上都很麻烦，北京 感冒发烧就要去看医生么？ 在北京去趟医院上来就检查小一千，，我从小可都不会因为感冒发烧咳嗦啥的去医院，，疫情期间，也得看情况 可能自己觉得真的有问题了就回去看，一般轻微早上起来咳嗦几声 谁都不会在意。更不会因为这个去趟医院吧 ,20200310-20200630,
"
SuperYang__",我素质比你高就行了 ,20200310-20200630,
"
李典雍",海外的狗叫nm呢？ ,20200310-20200630,
"
吴邪男神张起灵",反正我都有焦虑症了，总觉得很多小细节没到位会中招 ,20200310-20200630,
"
SuperYang__",你就不是个人 ,20200310-20200630,
"
不懂风情的喵",他们想的是,20200310-20200630,
"
糖都给薛之谦",等死呢？ ,20200310-20200630,
"
裴妤霖",咳嗽一声就要上报说我刚刚咳嗽了一声吗？ ,20200310-20200630,
"
大蕾小盆友",专家不是说疫情控制住了吗！ ,20200310-20200630,
"
秀坊专业拆家秀萝莉",又要有某些人说 这些都是外地人 我们本地人不会这样 ,20200310-20200630,
"
李米412",太不负责任了 ,20200310-20200630,
"
独一无二的阳先生",能不能把这些隐瞒的人搞疫苗实验去？ ,20200310-20200630,
"
东京东京东京塔",北京的这次，都不免费治疗吗？ ,20200310-20200630,
"
电闪雷鸣的海日罕",？？？ ,20200310-20200630,
"
14年青春喂了gou",别掉以轻心，早发现早治疗呀，快点过去吧 ,20200310-20200630,
"
王泽峰ing",治疗现在也不免费了啊。一天隔离费1000+，感染的都是菜商果农本身受教育程度也不高。这么多钱谁不心疼？再者说，国家以及地方政府要是真的能让隔离人员安心。会不说么？ ,20200310-20200630,
"
观海斯坦",觉得自己没毛病。不需要治疗。想回家呗。 ,20200310-20200630,
"
夏清弦",这就有点过分了！ ,20200310-20200630,
"
普通孙行者",报告！ ,20200310-20200630,
"
XXXS48",还放走了？我朋友小区都是擅自出门直接拉走集中隔离 ,20200310-20200630,
"
杂拆草漏诗",违法风险这么大都敢瞒 ,20200310-20200630,
"
xin6182179405",缺德 ,20200310-20200630,
"
有只泥鳅",估计特别轻微的症状，比如原来有鼻炎然后觉得鼻子有点儿堵，原来有咽炎偶尔痒了一下，原来肠胃炎偶尔有点… ,20200310-20200630,
"
期盼光明的仙er",不是 我们这不算高风险 不晓得什么操作 ,20200310-20200630,
"
想要金山",卧槽想啥呢？ ,20200310-20200630,
"
FhhvH20863",最不缺的就是喷子 ,20200310-20200630,
"
惨绿小青年",想扛到隔离期一过就出去呗。 ,20200310-20200630,
"
我是欧皇呀欧皇",有的人可能也只以为是感冒 ,20200310-20200630,
"
薄荷汁",恶毒？呵呵，比起您让我去美国，我真是差远了。 ,20200310-20200630,
"
我我我不是高小晨",说不免费的，是境外回来的 ,20200310-20200630,
"
瓦恰择择",你说的太对了，海淀这边做了核酸检测，到目前没给通知应该没事。前两天咽炎嗓子疼，可给吓死了。 ,20200310-20200630,
"
__cubasa",你们拿的什么药？？？如果只是咽炎感冒，怎么那么贵？？还是说，做了很多检查，才那么贵 ,20200310-20200630,
"
包包大人的秋天",可能接受西方思想有点神经错乱了 ,20200310-20200630,
"
獨自儂",加油(?? ????_????)?? ,20200310-20200630,
"
我我我不是高小晨",有病治病，都得了，不管他就能好吗 ,20200310-20200630,
"
李冉童鞋",要明确一下啊，不是你以为的就是我以为的 ,20200310-20200630,
"
YuNuoooo",真别给北京这裹乱了，你说这话代表了你的素质 ,20200310-20200630,
"
momery6688",都是一些老年人，六十岁了，法律意识卫生意识淡薄，也没办法判。 ,20200310-20200630,
"
一颗恋爱糖_",检测为什么要免费？同时十四亿人，高中低风险的都一起 热闹吗？要免费的大家没事测一测，怎么控制？是嫌医院不够忙？低风险地区没有必要 而你自己想要检查肯定自己掏钱啊 ,20200310-20200630,
"
不会说话嘴闭上",你不怕死你觉得你没新冠那就别去啊要是怕死几千也得花啊这不是很正常？ ,20200310-20200630,
"
Vanish桮茶",北京不排斥外地人，首先你得是个人 ,20200310-20200630,
"
西瓜一语",他们不会是间谍吧? ,20200310-20200630,
"
峥峥就是峥峥",你用这么恶毒的话攻击别人。 相信都会报应在自己身上的????祝你平安 ,20200310-20200630,
"
必上",你都隔离人员了肯定有症状要说吧！隔离你就为了看看你隔离期间是否有症状啊。真的服了?? ,20200310-20200630,
"
Baymax追梦",咳嗽两下算不，打个喷嚏算不 ,20200310-20200630,
"
瓦恰择择",有问题找淘宝 ,20200310-20200630,
"
薇啦薇娜",中国人怎么都这样啊！ ,20200310-20200630,
"
擅长秒睡的顾白胖儿",因为长期戴口罩保持湿润，又减少了二手烟饭局，我感觉我的慢性咽炎症状因为疫情都快好了 ,20200310-20200630,
"
CHIEF张",判刑 ,20200310-20200630,
"
噜噜噜噜啦啦wr",想死 ,20200310-20200630,
"
爱宗紫",脑子呢 ,20200310-20200630,
"
爱德华春江水暖",可以用花呗先垫上，再管亲戚借几百还花呗，天无绝人之路 ,20200310-20200630,
"
Pnc只认钱",收了老美的钱了？脑子被老美收买了？ ,20200310-20200630,
"
峥峥就是峥峥",那你说????现在新冠治愈之后身体是什么样的 现在都还不得而知????也有已经彻底痊愈和之前一样的??????国家该出台什么样的法律保护呢？ ,20200310-20200630,
"
薄荷汁",顺便祝您早日感染，给大家打个样儿 ,20200310-20200630,
"
各归南北",你们的这些感受我在爆发期并且是重灾区每天也这样 ,20200310-20200630,
"
zytuu",太了解了！ ,20200310-20200630,
"
一颗恋爱糖_",免费治疗，治！疗！两个字懂什么意思？找本新华字典来认认字吧 好吗?? ,20200310-20200630,
"
轩轩_Zzx",不是我杠，真的，我们这小感冒去医院就给你核酸，费用850，你说你轻微感冒去还是不去?这个事情真的咋说咋有理，并不是那么简单的。 ,20200310-20200630,
"
爱唱歌的熊八戒",早报告早治愈 ,20200310-20200630,
"
扼槿",我就是这个意思 ,20200310-20200630,
"
瓦恰择择",这个倒是有可能，这个事比较复杂，嗓子疼算不算症状，也有可能是，但是绝大部分人觉得不是，就想再等等观察一下。换谁也都有点侥幸心理。也害怕不知道国家怎么处理生病的人。到了自己头上，多少会恐惧。 ,20200310-20200630,
"
薄荷汁",您这杠的水平太低 ,20200310-20200630,
"
忙不停怎么办",这种人事后要进行处罚，必须有后果。国家下那么大力气防控疫情，他们却搞破坏，危害公共安全，做人起码的诚信和责任都没有。 ,20200310-20200630,
"
每天偷懒和哈哈哈最好了",全国都差不多遏制住了，政治经济首都复发新冠，丢死人了，还在这骂外地人呢！ ,20200310-20200630,
"
藤井树的情書_",检测本来就不免费啊，治疗免费 ,20200310-20200630,
"
木子无从心",画重点 症状多样、不典型，不易引起重视 ,20200310-20200630,
"
La笔小新说你妖言惑众",对呀，这些人就是为国家做贡献没见有，占国家便宜比谁都快，占不上便宜还要喷 ,20200310-20200630,
"
午夜夢醒時i",疫情又不是才发生，都发生了大半年了，健康意识薄弱就说不过去了！ ,20200310-20200630,
"
一叶s扁舟6",心真大 ,20200310-20200630,
"
峥峥就是峥峥",美国有保障 你去吧 ,20200310-20200630,
"
不会说话嘴闭上",不管我生活在哪里，不管你一个月工资多少，你自己不存钱是别人的错吗？就算你一分钱不存，到了生病的时候没人可借？没有医保？没有社区？ ,20200310-20200630,
"
TonPetitSoleil",?????? ,20200310-20200630,
"
各归南北",密切接触者都已经隔离了，不管出现什么症状都要上报引起重视，又不是像我们在家里没有接触过打个喷嚏咳嗽几声 ,20200310-20200630,
"
元气满满张小鱼",别到天津别到天津爬爬爬爬爬 ,20200310-20200630,
"
每天偷懒和哈哈哈最好了",不一定是外地人呢？说不定首都贵族呢？素质一样低！ ,20200310-20200630,
"
sdcf123",把北京摘的可真干净啊 ,20200310-20200630,
"
请问要在哪改名字",外来务工人员就健康意识薄弱了，本地人就好了？外来人在户口所在地也是本地人，谁还不是本地人了………人报告也没说是外来的还是本地的 ,20200310-20200630,
"
苏澜one",朋友家有人发烧，这日子口就怕这个。结果晚上去医院医生用红外体温枪量体温36.8说没事回家吧，想检查都没让做 ,20200310-20200630,
"
雾野君",我做核酸就是自费啊，大家一样啊，又没有确诊？？？？ ,20200310-20200630,
"
行走的眼线笔",底下一部分评论的人真是站着说话不腰疼一个个儿都是道德小标兵，动不动就“危害社会”“必须立法”宁最好平时打个喷嚏咳嗽两声就立马上报做核酸，一分钟都别耽误。要真感染了新冠，还得给你高抬大轿送个锦旗呢。 ,20200310-20200630,
"
willwilljarvis",他们想自杀？ ,20200310-20200630,
"
各归南北",你那是啥情况还想免费？这是已经被隔离起来密切接触者，是免费的！ ,20200310-20200630,
"
传闻不攻自破",不是说隔离里边吃的菜比家里好 ,20200310-20200630,
"
萌_宠leslie",？？？为啥呢⊙ω⊙是不嫌命太长了 ,20200310-20200630,
"
小哪吒max",等着自愈呢？ ,20200310-20200630,
"
各归南北",本来就隔离了，出现症状还扛什么？直接转住院啊 ,20200310-20200630,
"
_恋曲1990",给国家拉动消费了 ,20200310-20200630,
"
言言娱乐",首都呀 ,20200310-20200630,
"
雅心乂蛋蛋",不想活命了是吗 瞒报干嘛搞不懂脑子里怎么想的 ,20200310-20200630,
"
扼槿",别阴阳怪气的…很low ,20200310-20200630,
"
曹仁是内",隔离要自费吗？ ,20200310-20200630,
"
陈小皮CrazyPeel",有情况一定要及时报告，拜托，不要等情况变严重，得懂得及时止损 ,20200310-20200630,
"
博宇博雅的爷爷",要求严惩，这样的人和带病毒回家的没有两样 ,20200310-20200630,
"
扼槿",我搜了，并没有 ,20200310-20200630,
"
Liunique6",死刑直接安排上行嘛 ,20200310-20200630,
"
孙黎明886",应该是有症状不说，又不要钱何必让自己受罪呢 ,20200310-20200630,
"
爽爽面TCBY",肯定有原因未公布。又免费，迟了治疗又可能会死，怎么不说呢 ,20200310-20200630,
"
Lllll77111",你没正式工作能买省医保市医保？？如果能的话我早就去买了。 ,20200310-20200630,
"
刀子叉子勺",@长歌的长歌 ,20200310-20200630,
"
SuperYang__",不看新闻和发布会的主，就闭嘴 ,20200310-20200630,
"
梦大秋千",没有杠的意思。第一不知道您的信息是否准确。第二很多人面对的现实是,20200310-20200630,
"
Manymoneymore",Emmm我之前肠胃炎引起发烧??????让我做了核酸检测是免费的哦为什么会有人说自费阿 ,20200310-20200630,
"
哪里拆啦",这是在为以后找借口呢！ ,20200310-20200630,
"
春袖_",啥也别说罚钱吧 ,20200310-20200630,
"
不会说话嘴闭上",嫁给了山东本地人一点积蓄也没有？半年时间就花光了？你觉得我信吗？ ,20200310-20200630,
"
轴承董",都放心，隔离人员要解除隔离都要做检测的，检测阴性才行。 ,20200310-20200630,
"
酱缸里的萝卜头",一般症状是什么样的？ ,20200310-20200630,
"
青云闭月f",海外狗带节奏？ ,20200310-20200630,
"
修道媚狐",想啥呢 ,20200310-20200630,
"
肥仔万岁万万岁",这更缺德了 ,20200310-20200630,
"
同學可可",这是什么居心，早报告早治疗，拖成重症，对谁都没有好处，国家还要花一大笔钱。 ,20200310-20200630,
"
武彩缤纷的一天",看中医吧 ,20200310-20200630,
"
我与君sw偕老",我这几天也是天天咳嗽，好害怕 ,20200310-20200630,
"
sylxh08",确诊了免费，沒确诊免什么费 ,20200310-20200630,
"
鸽子牌复读机233",老引战了 ,20200310-20200630,
"
·甜糖小又·",@生之微漠 ,20200310-20200630,
"
蜡笔小格蕾",日常迷惑 ,20200310-20200630,
"
就决定了你是我今年的名字",如果你确诊了检测也是免费的，我舅妈上医院的时候就是这样说的。 ,20200310-20200630,
"
正忙着ne",想啥呢 ,20200310-20200630,
"
水静之721",瞒报的话请判刑 ,20200310-20200630,
"
陈小贤-h",@Vvvvvvling ,20200310-20200630,
"
小郭尽量不熬夜",文章中可没有说是外地来京人员的呢 ,20200310-20200630,
"
aimlessfree",危害公共安全罪＋计入征信 考虑一下 ,20200310-20200630,
"
甲乙丙丁戊戌庚_",？？？ ,20200310-20200630,
"
DaisyEvollu",为什么？！ ,20200310-20200630,
"
小面条酱呀",他没有钱看病是我害的？？？自己平时不存钱现在没钱看病我是不是要给他治？？合着没钱还挺有理？？？管我屁事 ,20200310-20200630,
"
李睿jessica",只要是应检尽检的人都是免费的，除非你既不是去过新发地，又不是密接，也不是中高风险地方，自己非要查的才收费。 ,20200310-20200630,
"
我只是路过打酱油的呵呵呵呵",财政兜底的 ,20200310-20200630,
"
JRC_春",可能怕花钱多 ,20200310-20200630,
"
SmileAndy88",这种瞒报情况 建议费用自理！！ ,20200310-20200630,
"
AprilMsZh",说得好 ,20200310-20200630,
"
赫宣儿",枪毙了得了吧 ,20200310-20200630,
"
勇敢的心219353",你咋不想想隐瞒有对他有什么用？国家免费治疗，早治疗百利而无一害。那他们有什么理由隐瞒？不要动不动就攻击别人。 ,20200310-20200630,
"
李晓琳馨",他们不怕家里人也被传染吗 ,20200310-20200630,
"
嗷呜一口糖auw",不是，我觉得一般人人稍微有点嗓子疼什么的没往那上面想也挺正常的，不一定就故意隐瞒 ,20200310-20200630,
"
一吃一大碗的牛牛",我也不能理解，问了快80岁不上网的邻居奶奶，她觉得这些人大概认为自己症状很轻，抗抗就过去了，想隔离结束赶快去工作。 ,20200310-20200630,
"
单亦休",俺们单元有确诊病例，本单元所有人居家隔离，没人来给做核酸检测，也没人询问体温！可能等到有发热症状了，直接就给拉走治疗了！ ,20200310-20200630,
"
欢乐的鲸鱼小桃子",不上报的让他们自费 ,20200310-20200630,
"
草莓牛奶爱丽丝",1月底开始最严重的那时候，我嗓子发炎，我给我妈说我会不会有了，我妈说你支原体犯了喝热水，因为我这几天一直吃辣条，过了几天我打喷嚏，我给我妈说我不会又有了吧，我妈说你盖被子踢被子，晚上起来上厕所给你盖了，又过了几天我老爱瞌睡，我给我妈说我不会又又又有了吧，我妈说你有完没完 ,20200310-20200630,
"
洋小咩_",隔离的社区管理者把控不严，我遇到过打开健康宝显示居家隔离状态的！！，但我们不是执法者，只能让他不能进，要求登记时，他就走了，我们也不能抓……，大家都要戴好口罩，注意自身防护 ,20200310-20200630,
"
我有大粗腿你要抱吗",隔离了那就说明有可能被感染，出现任何症状都应该报告 ,20200310-20200630,
"
Vanish桮茶",不管是北京的还是外地的都严惩吧 ,20200310-20200630,
"
扼槿",我从来没听说过这条规定，有新闻吗？ ,20200310-20200630,
"
韩慕韩_",说检测自费的，麻烦带点脑子，免费治疗，谁管你检测钱 ,20200310-20200630,
"
安之吱",我也是咽炎…每次喉咙不舒服了就很慌… ,20200310-20200630,
"
控制狂sunny",我们这是本地人因为疫情被隔离是免费的，外地人来了需要隔离是自费 ,20200310-20200630,
"
扼槿",我是这个意思啊… ,20200310-20200630,
"
大柔纸aimee",你怎么确定是外地人？ 这给你能耐的，好好看新闻，别张口就来 ,20200310-20200630,
"
吴邪男神张起灵",一样，喉咙不舒服几个月，老怕自己被感染 ,20200310-20200630,
"
田园芒果",疯了吗 ,20200310-20200630,
"
围脖歪屁股的它母亲bisi",有医保的免费 ,20200310-20200630,
"
草莓牛奶爱丽丝",你想知道有没有，自己来一个不就知道了，实践是检验真理的唯一标准，知道了吗？ ,20200310-20200630,
"
掌柜在喝雪碧吃炸鸡",是不是脑子也都坏掉了？请不要放过他们 ,20200310-20200630,
"
围脖歪屁股的它母亲bisi",有医保免费 ,20200310-20200630,
"
是可爱的易三岁啊",请对自己负责，对他人负责，对国家负责。 ,20200310-20200630,
"
围脖歪屁股的它母亲bisi",有医保免费 ,20200310-20200630,
"
阿朱可是认真的",不是，这些人什么脑回路？不上报就能好了？就能痊愈了，就能没事了？想不通为什么隐瞒？有什么好处吗？ ,20200310-20200630,
"
nomadlx",关键是这检测不是一劳永逸啊……难道每次一不小心和被确诊的病人有过共同出行经历就都要自费测一次？ ,20200310-20200630,
"
JackeyHedgehog",我这种人就是身上有点小毛病就急着去看医生 但是有些人并不在意 ,20200310-20200630,
"
m每天都很拉风呀",不让出门，吃啥呢喝啥呢，家咋养，房贷咋还呢 ,20200310-20200630,
"
p芝麻糊糊q",脑子有病吧？ ,20200310-20200630,
"
3年号没了",你都隔离了，还不当回事儿 ,20200310-20200630,
"
围脖歪屁股的它母亲bisi",你说的是废话??????我去医院看嗓子也得先检测??????嗓子不像别的地方??????容易传染??????做也没办法怎么了??????人家说治疗免费??????有医保的就给报销??????你自己看个病核酸检测还报销？ ,20200310-20200630,
"
Conan沐家麒",若若问一句，你是隔离人员吗？如果不是那就恭喜你，是你自己想多了。 ,20200310-20200630,
"
中元妻",已经不免费了 通知你一声 ,20200310-20200630,
"
请叫我杰森3Q",想死了吧 ,20200310-20200630,
"
不会说话嘴闭上",首先，你这个同事为什么连300的现金都没有？到底是没钱吃饭还是没钱还信用卡，你觉得这事可信吗？ ,20200310-20200630,
"
5574647625_920",是不是活腻了？这还瞒报 ,20200310-20200630,
"
4157tudou",国家免费给你治疗，帮你呢，新冠现在变异了吗？开始攻击脑子了？ ,20200310-20200630,
"
商城大妞儿",宣布这种情况一经发现以危害公共安全罪论处 ,20200310-20200630,
"
如来小师妹_",看 你们喷湖北人的时候说小地方素质差的那些人呢 首都的人都有这样的呢 ,20200310-20200630,
"
夜夜1小魔王",这说的除了北京人，其他到北京的大部分都是不注重身体健康的？ ,20200310-20200630,
"
Yaminice是Amy",又不是治不好.....早点住院治了不好吗？ ,20200310-20200630,
"
丶一半海水一半火焰丶",先把武汉市市长重判 罪魁祸首 ,20200310-20200630,
"
做个旺仔啊",@乡村致富带头人 我不知道他们在想什么……早点治疗不好吗 ,20200310-20200630,
"
做个旺仔啊",@乡村致富带头人 我不知道他们在想什么……早点治疗不好吗 ,20200310-20200630,
"
布拉维格子同学",正文写了症状多样、不典型，不易引起重视。可能有人出现轻微的非典型症状却压根没想到是新冠，比如拉肚子口腔溃疡什么的 ,20200310-20200630,
"
Panda酱的日常",这就是当初的武汉…当时武汉市政府被全国人民骂，现在打脸了呵呵… ,20200310-20200630,
"
蒋丞的人间灯海",？新冠开始攻击脑子了 ,20200310-20200630,
"
我爱吃鱼粥001",千万不要昂着噎着，这样反而害人害己，不要抱有侥幸心理 ,20200310-20200630,
"
Xx零启",会不会症状太轻微了呀 该上报是真的 可是如果只是嗓子干 之类的这种可能意识不到 ,20200310-20200630,
"
0大美沫0",这是脑子有病吧！ ,20200310-20200630,
"
穆冉澄",一条新闻炸出了多少高贵的北京母人啊 ,20200310-20200630,
"
grandshanghai",北京大爷的干活， ,20200310-20200630,
"
王冰097",搬家吧，邻居们害人害己 ,20200310-20200630,
"
爱黑喵滴嘉儿",有可能是没医保吧……如果没医保治病不少钱呢…… ,20200310-20200630,
"
每日一问嘎嘎",好好爱自己和家人，出现症状一定要重视上报 ,20200310-20200630,
"
小小的樱桃小丸子耶",封城吧！ ,20200310-20200630,
"
默儿爱吃肉肉",你的话语，我喜欢，你的私信，记得关 ,20200310-20200630,
"
可我梦里梦着梦不醒的梦",自己招黑 该骂 ,20200310-20200630,
"
大摇大摆逛微博",所以非专业大众媒体还是应该做好科普，为自己也为大家负责 ,20200310-20200630,
"
蒹葭苍苍个鬼",这楼里为啥纠结免不免费的事，正常不应该是症状不轻微，根本没注意，没以为是新冠吗，这多正常，跟脑子什么关系 ,20200310-20200630,
"
半夏半永久",呦呦，改口了？不免费了？不会说话就别说，真是一点自知之明没有 ,20200310-20200630,
"
璇璇54321",标题打的真好，引出来一堆网络暴民 ,20200310-20200630,
"
穆冉澄",哪来的恶臭母人啊，求求你抱着你的北京户口在棺材躺好吧 ,20200310-20200630,
"
BOY-0208",都是傻子吧 ,20200310-20200630,
"
松鼠2A",玩命呢 ,20200310-20200630,
"
我是只爱你的傻瓜",这都是不要命的是吧？拖延会死的！ ,20200310-20200630,
"
Ruiqi_我的GTR在等我",居家隔离的人还出门呢，我们单位都来好几个居家隔离的了！虽然没让他们进来，但是真不知道小区是怎么管理的！ ,20200310-20200630,
"
奈何桥下摆地摊",吐了，自己不要命就算了，还要害人 ,20200310-20200630,
"
想退休的小马",层主说的免费治疗没毛病吧？你发散啥呢？ ,20200310-20200630,
"
熵与热",等身上的器官都损伤了再上报！ ,20200310-20200630,
"
222222巴卫",我还准备明天去北京呢 ,20200310-20200630,
"
2019特别的一年",正常的，都理解下吧，我们小地方，咳嗽，喉咙痛都要做核酸检测，其实做了更好，大家都放心！钱用了就用了，身体无大碍就最好！ ,20200310-20200630,
"
不会说话嘴闭上",你不是密接又不是疫区谁给你核酸免费啊？你自己觉得你有病做个核酸就那么一两百这也要蹭那点便宜？你？上大学？别是梦里的事儿吧 ,20200310-20200630,
